Дата публикации,Тип публикации,Публикация,Ссылка на публикацию,Дочитывания и просмотры,Показы,Открытия,Время просмотра в минутах,Комментарии,Подписки,Лайки,Стеллы,Суммарный доход,За время просмотра,Прочее,CTR,CR,ER,RPM,year_month,weekday,hour,month,CTR_clean,CR_clean,ER_clean,category,has_top_club,primary_club,is_transfer_window,title_length,title_words,has_slash,has_rumor,has_number,log_income,is_hit,days_since_start
2024-11-12 18:41:32.466,Статья,Лучшие трансферы лета в РПЛ №1. Эсекьель Барко,https://dzen.ru/media/id/6358cb994fee997bedba5cec/673374297562952dc5f177ec,28,1904,84,8,0,0,1,0,0.41,0.29,0.0,0.0441176470588235,0.3333333333333333,0.0357142857142857,14.642857142857142,2024-11,1,18,11,0.0441176470588235,0.3333333333333333,0.0357142857142857,Трансферы,0,Нет клуба,0,46,8,0,0,1,0.3435897043900769,0,0
2025-06-02 12:19:41.517,Статья,Спартак в ближайшее время могут покинуть несколько легионеров,https://dzen.ru/media/id/6358cb994fee997bedba5cec/683d6b2e52f1900086106f7f,1,33,1,1,0,0,0,0,0.06,0.06,0.0,0.0303030303030303,1.0,0.0,60.0,2025-06,0,12,6,0.0303030303030303,1.0,0.0,Другое,1,Спартак,1,61,8,0,0,0,0.05826890812397577,0,201
2025-06-06 16:03:41.473,Статья,Балтика - самый активный клуб на трансферном рынке,https://dzen.ru/media/id/6358cb994fee997bedba5cec/6842e695ac92ad7328e32526,6914,448332,15455,3932,7,56,76,0,196.45,195.99,0.0,0.0344722214787255,0.4473633128437398,0.0120046282904252,28.41336418860284,2025-06,4,16,6,0.0344722214787255,0.4473633128437398,0.0120046282904252,Трансферы,0,Балтика,1,50,8,0,0,0,5.285485387732658,0,205
2025-06-08 12:11:46.493,Статья,Краснодар берет еще одного защитника,https://dzen.ru/media/id/6358cb994fee997bedba5cec/684552f8614ba5050201cc35,1,158,1,1,0,0,0,0,0.03,0.03,0.0,0.0063291139240506,1.0,0.0,30.0,2025-06,6,12,6,0.0063291139240506,1.0,0.0,Другое,0,Краснодар,1,36,5,0,0,0,0.0295588022415444,0,207
2025-06-09 12:15:01.958,Статья,"Барко или Маркиньос, кто же все-таки был лучшим в прошлом сезоне?",https://dzen.ru/media/id/6358cb994fee997bedba5cec/6846a157bdb83b4509cf70aa,295,178254,1163,70,2,5,11,0,2.91,2.89,0.0,0.006524397769475,0.2536543422184006,0.0440677966101694,9.864406779661016,2025-06,0,12,6,0.006524397769475,0.2536543422184006,0.0440677966101694,Другое,0,Нет клуба,1,65,11,0,0,0,1.3635373739972745,0,208
2025-06-13 04:23:24.961,Статья,Спартак и Зенит нашли нападающих,https://dzen.ru/media/id/6358cb994fee997bedba5cec/684b78b763a6124524cc98a1,5,92,9,5,0,0,0,0,0.27,0.27,0.0,0.0978260869565217,0.5555555555555556,0.0,54.00000000000001,2025-06,4,4,6,0.0978260869565217,0.5555555555555556,0.0,Другое,1,Спартак,1,32,5,0,0,0,0.23901690047049992,0,212
2025-06-16 13:10:35.192,Статья,Балтика продолжает укреплять состав,https://dzen.ru/media/id/6358cb994fee997bedba5cec/684fe4f7a2f2e87b80a4e56d,1,38,4,1,0,0,1,0,0.04,0.0,0.0,0.1052631578947368,0.25,1.0,40.0,2025-06,0,13,6,0.1052631578947368,0.25,1.0,Другое,0,Балтика,1,35,4,0,0,0,0.039220713153281295,0,215
2025-06-25 00:26:51.715,Статья,"Осипенко в Динамо, а Ростов уже нашел ему замену / Официальные Трансферы РПЛ",https://dzen.ru/media/id/6358cb994fee997bedba5cec/685b1685de40075dbfd562cf,2,42,7,2,0,0,0,0,0.09,0.09,0.0,0.1666666666666666,0.2857142857142857,0.0,45.0,2025-06,2,0,6,0.1666666666666666,0.2857142857142857,0.0,Трансферы,0,Динамо,1,76,13,1,0,0,0.08617769624105233,0,224
2025-07-03 14:09:30.642,Статья,Изменения в ЦСКА - новый тренер / ряд футболистов покинули команду,https://dzen.ru/media/id/6358cb994fee997bedba5cec/686662a325512f3480599cdc,5,587,15,5,0,0,1,0,0.24,0.24,0.0,0.0255536626916524,0.3333333333333333,0.2,48.0,2025-07,3,14,7,0.0255536626916524,0.3333333333333333,0.2,Другое,1,ЦСКА,1,66,11,1,0,0,0.2151113796169455,0,232
2025-07-07 14:36:03.585,Статья,Большие изменения в Крыльях,https://dzen.ru/media/id/6358cb994fee997bedba5cec/686ba248b09752376f79bd72,1,59,3,2,0,0,0,0,0.06,0.06,0.0,0.0508474576271186,0.3333333333333333,0.0,60.0,2025-07,0,14,7,0.0508474576271186,0.3333333333333333,0.0,Другое,0,Нет клуба,1,27,4,0,0,0,0.05826890812397577,0,236
2025-07-08 11:52:21.122,Статья,Краснодар покупает одного из лучших ассистентов Чемпионата Франции,https://dzen.ru/media/id/6358cb994fee997bedba5cec/686cd3d3ce53dd0359342da0,1,94,2,2,0,0,0,0,0.1,0.1,0.0,0.0212765957446808,0.5,0.0,100.0,2025-07,1,11,7,0.0212765957446808,0.5,0.0,Другое,0,Краснодар,1,66,8,0,0,0,0.09531017980432487,0,237
2025-07-14 15:43:52.612,Статья,Оренбург не готов к РПЛ,https://dzen.ru/media/id/6358cb994fee997bedba5cec/6874cb75ef09bd32e5e15113,3,176,14,3,0,0,0,0,0.14,0.14,0.0,0.0795454545454545,0.2142857142857142,0.0,46.66666666666667,2025-07,0,15,7,0.0795454545454545,0.2142857142857142,0.0,Другое,0,Нет клуба,1,23,5,0,0,0,0.13102826240640408,0,243
2025-07-25 10:42:30.790,Статья,Трансферы РПЛ - Усиление Краснодара / Волков в Сочи / Сутормин в Крыльях,https://dzen.ru/media/id/6358cb994fee997bedba5cec/68832f573493b64aba5c9e84,1,90,3,2,0,0,0,0,0.07,0.07,0.0,0.0333333333333333,0.3333333333333333,0.0,70.0,2025-07,4,10,7,0.0333333333333333,0.3333333333333333,0.0,Трансферы,0,Краснодар,1,72,13,1,0,0,0.06765864847381481,0,254
2025-08-06 16:24:29.313,Статья,ЦСКА снова выгодно продает игроков,https://dzen.ru/media/id/6358cb994fee997bedba5cec/689356d7d7d5dd663b7569c1,17,623,27,14,0,0,0,0,0.7,0.69,0.0,0.0433386837881219,0.6296296296296297,0.0,41.1764705882353,2025-08,2,16,8,0.0433386837881219,0.6296296296296297,0.0,Другое,1,ЦСКА,1,34,5,0,0,0,0.5306282510621704,0,266
2025-08-08 18:19:54.530,Статья,Смогут ли эти футболисты реанимировать свою карьеру? Трансферы РПЛ,https://dzen.ru/media/id/6358cb994fee997bedba5cec/689613c94557dd55e561bcb6,7546,68155,36111,2259,12,21,46,0,110.95,109.51,0.0,0.5298364023182451,0.2089667968209133,0.0076861913596607,14.703153988868277,2025-08,4,18,8,0.5298364023182451,0.2089667968209133,0.0076861913596607,Трансферы,0,Нет клуба,1,66,9,0,0,0,4.718052343044764,0,268
2025-08-12 14:31:24.063,Статья,Сборная России узнала всех своих соперников до конца года,https://dzen.ru/media/id/6358cb994fee997bedba5cec/6899f4e6872633331e35474c,6,139,16,6,0,0,0,0,0.33,0.33,0.0,0.1151079136690647,0.375,0.0,55.0,2025-08,1,14,8,0.1151079136690647,0.375,0.0,Сборная России,0,Нет клуба,1,57,9,0,0,0,0.2851789422336624,0,272
2025-08-14 15:12:48.816,Статья,Трансферы РПЛ - Один из лидеров покидает ЦСКА / Оренбург усиливается,https://dzen.ru/media/id/6358cb994fee997bedba5cec/689dcc7457f9d71cbb0440bd,5,138,5,6,0,0,0,0,0.32,0.28,0.0,0.036231884057971,1.0,0.0,64.0,2025-08,3,15,8,0.036231884057971,1.0,0.0,Трансферы,1,ЦСКА,1,68,11,1,0,0,0.2776317365982795,0,274
2025-08-18 18:23:56.450,Статья,Трансферы ЦСКА - Новый вингер и правый защитник,https://dzen.ru/media/id/6358cb994fee997bedba5cec/68a342ccf621af7c9ec724a5,16,816,51,18,0,0,0,0,0.9,0.9,0.0,0.0625,0.3137254901960784,0.0,56.25,2025-08,0,18,8,0.0625,0.3137254901960784,0.0,Трансферы,1,ЦСКА,1,47,8,0,0,0,0.6418538861723948,0,278
2025-08-20 13:47:24.679,Статья,"Спартак нашел крайнего защитника, а ЦСКА подписал замену Роше / Трансферы РПЛ",https://dzen.ru/media/id/6358cb994fee997bedba5cec/68a5a6f15c17887c5e2bab3a,2,167,3,1,0,0,0,0,0.06,0.03,0.0,0.0179640718562874,0.6666666666666666,0.0,30.0,2025-08,2,13,8,0.0179640718562874,0.6666666666666666,0.0,Трансферы,1,ЦСКА,1,77,12,1,0,0,0.05826890812397577,0,280
2025-08-22 16:35:26.701,Статья,Антон Миранчук вернулся в Россию / Спартак покупает центрального защитника,https://dzen.ru/media/id/6358cb994fee997bedba5cec/68a8511d1a283d7e344dba36,8,190,11,7,1,0,0,0,0.36,0.33,0.0,0.0578947368421052,0.7272727272727273,0.125,45.0,2025-08,4,16,8,0.0578947368421052,0.7272727272727273,0.125,Другое,1,Спартак,1,74,10,1,0,0,0.3074846997479606,0,282
2025-08-29 16:50:08.827,Статья,Анонс 7 тура РПЛ,https://dzen.ru/media/id/6358cb994fee997bedba5cec/68b1afa175b77f739835ca4c,113,77630,925,37,0,3,5,0,1.8,1.8,0.0,0.0119154965863712,0.1221621621621621,0.0442477876106194,15.929203539823009,2025-08,4,16,8,0.0119154965863712,0.1221621621621621,0.0442477876106194,Другое,0,Нет клуба,1,16,4,0,0,1,1.0296194171811581,0,289
2025-08-30 10:00:54.539,Статья,Пруцев в Локомотиве / Два футболиста покинули Зенит - Трансферы РПЛ,https://dzen.ru/media/id/6358cb994fee997bedba5cec/68b1b7df910c7045df22cada,739,34805,943,449,0,1,4,0,22.57,21.63,0.0,0.0270938083608676,0.7836691410392365,0.0054127198917456,30.54127198917456,2025-08,5,10,8,0.0270938083608676,0.7836691410392365,0.0054127198917456,Трансферы,1,Зенит,1,67,11,1,0,0,3.1599747169480397,0,290
2025-08-31 10:00:31.226,Статья,Иван Игнатьев возвращается в Россию / Рубин купил защитника у Зенита - Трансферы РПЛ,https://dzen.ru/media/id/6358cb994fee997bedba5cec/68b38b5ff1e9f262a34f84a2,1519,87177,2264,1214,1,5,4,0,61.01,59.72,0.0,0.0259701526778852,0.6709363957597173,0.0032916392363396,40.164581961816985,2025-08,6,10,8,0.0259701526778852,0.6709363957597173,0.0032916392363396,Трансферы,1,Зенит,1,84,14,1,0,0,4.127295662361787,0,291
2025-09-01 16:05:03.239,Статья,Осинькин возвращается к работе в РПЛ / Карпин может покинуть Динамо,https://dzen.ru/media/id/6358cb994fee997bedba5cec/68b5608f8eada37e495e05aa,15990,391827,20484,11799,47,73,96,0,592.7700000000001,579.19,0.0,0.0522781737858799,0.7806092560046866,0.0089430894308943,37.07129455909944,2025-09,0,16,9,0.0522781737858799,0.7806092560046866,0.0089430894308943,Слухи и мнения,0,Динамо,0,67,11,1,1,0,6.386492038992077,1,292
2025-09-02 14:35:25.887,Статья,Спартак продает центрального защитника,https://dzen.ru/media/id/6358cb994fee997bedba5cec/68b6beeb75b77f7398a3fd44,3440,111772,5421,2085,7,13,40,0,104.81,103.77,0.0,0.0485005189135024,0.6345692676627929,0.0136627906976744,30.468023255813957,2025-09,1,14,9,0.0485005189135024,0.6345692676627929,0.0136627906976744,Другое,1,Спартак,0,38,4,0,0,0,4.66164503291607,0,293
2025-09-03 09:49:29.274,Статья,Ряд футболистов покинули РПЛ / Трансферы РПЛ,https://dzen.ru/media/id/6358cb994fee997bedba5cec/68b7011fa750802120908305,6224,133742,8152,3542,3,14,51,0,178.04999999999998,174.85,0.0,0.0609531785078733,0.7634936211972522,0.0086760925449871,28.60700514138817,2025-09,2,9,9,0.0609531785078733,0.7634936211972522,0.0086760925449871,Трансферы,0,Нет клуба,0,44,7,1,0,0,5.187665096444442,0,294
2025-09-03 18:08:54.867,Статья,В Сочи приехал защитник сборной Сербии / Ахмат подписал нападающего - Трансферы РПЛ,https://dzen.ru/media/id/6358cb994fee997bedba5cec/68b855349e7f3c091481e95f,1658,65559,2278,912,1,8,18,0,45.85,45.04,0.0,0.0347473268353696,0.7278314310798947,0.01145958986731,27.653799758745475,2025-09,2,18,9,0.0347473268353696,0.7278314310798947,0.01145958986731,Трансферы,0,Ахмат,0,83,13,1,0,0,3.846951008684431,0,294
2025-09-05 10:52:41.947,Статья,"Краснодар укрепляет защиту / Ахмат подписал ""десятку"" - Трансферы РПЛ",https://dzen.ru/media/id/6358cb994fee997bedba5cec/68ba93d2f942ae06189810e3,2717,95242,4166,1373,0,4,39,0,70.96,70.1,0.0,0.0437412066105289,0.6521843494959193,0.0143540669856459,26.11704085388296,2025-09,4,10,9,0.0437412066105289,0.6521843494959193,0.0143540669856459,Трансферы,0,Краснодар,0,69,10,1,0,0,4.2761104090823325,0,296
2025-09-07 09:08:18.521,Статья,Спартак нашел замену Дуарте / из ЦСКА ушел полузащитник - Трансферы РПЛ,https://dzen.ru/media/id/6358cb994fee997bedba5cec/68bcae4aaf9d6c7fe1a55822,9935,238805,15576,7763,11,22,116,0,420.12,415.11,0.0,0.0652247649756077,0.6378402670775553,0.0127830900855561,42.286864620030194,2025-09,6,9,9,0.0652247649756077,0.6378402670775553,0.0127830900855561,Трансферы,1,ЦСКА,0,71,12,1,0,0,6.042917828696898,0,298
2025-09-10 17:44:19.420,Статья,Спартак купил опытного защитника / Агапов уехал в аренду - Трансферы РПЛ,https://dzen.ru/media/id/6358cb994fee997bedba5cec/68c18de4dd8cb659b26542b9,3283,115181,5223,2249,3,9,38,0,114.66,113.55,0.0,0.0453460206110382,0.6285659582615355,0.0124885775205604,34.92537313432835,2025-09,2,17,9,0.0453460206110382,0.6285659582615355,0.0124885775205604,Трансферы,1,Спартак,0,72,12,1,0,0,4.750654852730072,0,301
2025-09-12 15:24:29.013,Статья,"Игроки, которые покинули РПЛ в последние дни трансферного окна - Трансферы РПЛ",https://dzen.ru/media/id/6358cb994fee997bedba5cec/68c40e75d99d823f51623f2a,10323,153259,11211,7937,2,21,68,0,413.96,399.01,0.0,0.0731506795685734,0.9207920792079208,0.00678097452291,40.10074590719752,2025-09,4,15,9,0.0731506795685734,0.9207920792079208,0.00678097452291,Трансферы,0,Нет клуба,0,78,12,0,0,0,6.028182130043144,0,303
2025-09-15 22:51:46.118,Статья,Камано вернулся в РПЛ / Осинькин подтягивает свои игроков - Трансферы РПЛ,https://dzen.ru/media/id/6358cb994fee997bedba5cec/68c86daf9c2ae93f7b3d8f57,4175,112218,5090,2992,0,7,37,0,159.24,156.9,0.0,0.0453581421875278,0.8202357563850687,0.0088622754491017,38.14131736526946,2025-09,0,22,9,0.0453581421875278,0.8202357563850687,0.0088622754491017,Трансферы,0,Нет клуба,0,73,12,1,0,0,5.076672691357563,0,307
2025-09-17 10:42:41.651,Статья,"Рубин укрепляет состав, даже после закрытыия трансферного окна - Трансферы РПЛ",https://dzen.ru/media/id/6358cb994fee997bedba5cec/68ca655454d1614dc23dc6ac,3464,112414,5020,2374,8,9,28,0,124.08,122.92,0.0,0.0446563595281726,0.6900398406374502,0.010392609699769,35.81986143187067,2025-09,2,10,9,0.0446563595281726,0.6900398406374502,0.010392609699769,Трансферы,0,Рубин,0,78,11,0,0,0,4.82895353258964,0,308
2025-09-18 08:00:31.012,Статья,Севикян вернулся в РПЛ / Новый опорник в Нижнем Новгороде - Трансферы РПЛ,https://dzen.ru/media/id/6358cb994fee997bedba5cec/68cad1c222a723238d6877b9,1488,74518,2102,1094,2,4,6,0,56.0,55.79,0.0,0.0282079497571056,0.7078972407231209,0.0053763440860215,37.634408602150536,2025-09,3,8,9,0.0282079497571056,0.7078972407231209,0.0053763440860215,Трансферы,0,Нет клуба,0,73,13,1,0,0,4.04305126783455,0,309
2025-09-19 09:01:38.536,Статья,Новые перспективные легионеры в РПЛ - Трансферы РПЛ,https://dzen.ru/media/id/6358cb994fee997bedba5cec/68cc1c946de220346f4edccc,1804,82296,2831,1158,1,3,29,0,58.33,58.0,0.0,0.0344002138621561,0.6372306605439774,0.0166297117516629,32.33370288248337,2025-09,4,9,9,0.0344002138621561,0.6372306605439774,0.0166297117516629,Трансферы,0,Нет клуба,0,51,8,0,0,0,4.083115080270552,0,310
2025-09-19 17:14:17.288,Статья,Станкович близок к увольнению,https://dzen.ru/media/id/6358cb994fee997bedba5cec/68cd63e06feca60ee0289c7a,4926,116526,8546,2887,15,12,42,0,145.26,144.5,0.0,0.0733398554828965,0.5764100163819331,0.0115712545676004,29.4884287454324,2025-09,4,17,9,0.0733398554828965,0.5764100163819331,0.0115712545676004,Другое,0,Нет клуба,0,29,4,0,0,0,4.985385859842805,0,310
2025-09-20 11:33:30.495,Статья,Омоложение состава - Кармо и Попович в ЦСКА / Трансферы РПЛ,https://dzen.ru/media/id/6358cb994fee997bedba5cec/68cd59c89091fc28b6b3cc95,2013,98500,2866,1336,2,10,41,0,67.31,66.8,0.0,0.0290964467005076,0.7023726448011165,0.0213611525086934,33.43765524093393,2025-09,5,11,9,0.0290964467005076,0.7023726448011165,0.0213611525086934,Трансферы,1,ЦСКА,0,59,11,1,0,0,4.224056168743758,0,311
2025-09-23 13:01:57.289,Статья,"Краснодар проиграл, но не потерял лидерство. Плотность команд в верху турнирной таблицы увеличивается",https://dzen.ru/media/id/6358cb994fee997bedba5cec/68d26e1db979c44aa3cb2004,3383,131362,5964,3205,13,8,36,0,164.77,163.58,0.0,0.0454012575935202,0.5672367538564722,0.0144841856340526,48.70529116169081,2025-09,1,13,9,0.0454012575935202,0.5672367538564722,0.0144841856340526,Другое,0,Краснодар,0,101,13,0,0,0,5.110601285436775,0,314
2025-09-24 17:59:54.333,Статья,Рубин подписал еще одного свободного агента,https://dzen.ru/media/id/6358cb994fee997bedba5cec/68d40732dcdbc06ff42dce92,595,57696,2575,218,3,3,18,0,11.1,11.08,0.0,0.0446304769828064,0.2310679611650485,0.0352941176470588,18.65546218487395,2025-09,2,17,9,0.0446304769828064,0.2310679611650485,0.0352941176470588,Другое,0,Рубин,0,43,6,0,0,0,2.4932054526026954,0,315
2025-09-30 16:28:33.770,Статья,ЦСКА поднялся на первое место / Спартак в трех очках от лидера - РПЛ после 10 туров,https://dzen.ru/media/id/6358cb994fee997bedba5cec/68dbd94b6dc58f0d860a3927,1668,128278,3523,1627,4,9,18,0,82.08999999999999,81.82,0.0,0.0274637895820015,0.4734601192165767,0.013189448441247,49.2146282973621,2025-09,1,16,9,0.0274637895820015,0.4734601192165767,0.013189448441247,Обзоры матчей,1,ЦСКА,0,83,17,1,0,1,4.41992435767689,0,321
2025-10-06 17:44:27.932,Статья,В Спартаке начались перестановки,https://dzen.ru/media/id/6358cb994fee997bedba5cec/68e3d53f2b09b64fdd11a13b,12297,137056,16141,9733,35,41,86,0,489.29,485.43,0.0,0.1177693789399953,0.7618487082584722,0.0098397983247946,39.78937952346101,2025-10,0,17,10,0.1177693789399953,0.7618487082584722,0.0098397983247946,Другое,1,Спартак,0,32,4,0,0,0,6.194997052773076,1,327
2025-10-16 12:17:48.524,Статья,СССР - Швеция. 5 августа 1973 года / История футбола,https://dzen.ru/media/id/6358cb994fee997bedba5cec/68f0a66922afbe06795f3d5e,1393,160242,3136,1474,4,15,25,0,73.32000000000001,72.76,0.0,0.0195703997703473,0.4441964285714285,0.0208183776022972,52.6346015793252,2025-10,3,12,10,0.0195703997703473,0.4441964285714285,0.0208183776022972,История СССР,0,Нет клуба,0,52,10,1,0,1,4.3083800945055835,0,337
2025-10-18 10:00:46.113,Статья,Торпедо - Карпаты. 9 мая 1974 года / Первенство Советского Союза,https://dzen.ru/media/id/6358cb994fee997bedba5cec/68f1f6ebeaf77e0d539c21e4,3654,257255,7009,3547,4,16,61,0,168.36,166.29,0.0,0.0272453402266233,0.5213297189328007,0.0177887246852764,46.07553366174055,2025-10,5,10,10,0.0272453402266233,0.5213297189328007,0.0177887246852764,История СССР,0,Нет клуба,0,64,11,1,0,1,5.13202662682661,0,339
2025-10-20 10:40:58.634,Статья,Торпедо - Шахтёр. 11 июня 1974 года / Первенство Советского Союза,https://dzen.ru/media/id/6358cb994fee997bedba5cec/68f5e0f22fcfb25379f1e098,1192,127453,2184,1256,5,11,14,0,63.12,62.57,0.0,0.0171357284646104,0.5457875457875457,0.0159395973154362,52.95302013422819,2025-10,0,10,10,0.0171357284646104,0.5457875457875457,0.0159395973154362,История СССР,0,Нет клуба,0,65,11,1,0,1,4.160756327741352,0,341
2025-10-22 11:32:28.143,Статья,ЦСКА (Москва) - Динамо (Киев). 25 июня 1974 года / Первенство Советского Союза,https://dzen.ru/media/id/6358cb994fee997bedba5cec/68f88a636539c44524eb91d9,7750,231009,23048,8647,7,36,94,0,426.92,419.24,0.0,0.0997710045928946,0.336254772648386,0.0130322580645161,55.08645161290323,2025-10,2,11,10,0.0997710045928946,0.336254772648386,0.0130322580645161,История СССР,1,ЦСКА,0,78,13,1,0,1,6.0589362622229945,0,343
2025-10-24 10:27:47.267,Статья,Спартак (Москва) - Торпедо (Москва). 26 июня 1974 года / Первенство Советского Союза,https://dzen.ru/media/id/6358cb994fee997bedba5cec/68fa0a6f247c9d646fadd4d5,1952,134439,3740,2052,0,11,37,0,102.9,102.15,0.0,0.0278193083852156,0.5219251336898396,0.0189549180327868,52.71516393442624,2025-10,4,10,10,0.0278193083852156,0.5219251336898396,0.0189549180327868,История СССР,1,Спартак,0,84,13,1,0,1,4.6434288981051814,0,345
2025-10-26 10:27:27.273,Статья,Спартак (Москва) - Днепр (Днепропетровск). 1 июля 1974 года / Первенство Советского Союза,https://dzen.ru/media/id/6358cb994fee997bedba5cec/68fa18c72661983e0c363da3,2350,314984,4344,2623,2,19,37,0,130.25,129.55,0.0,0.0137911766946892,0.5409760589318601,0.016595744680851,55.42553191489362,2025-10,6,10,10,0.0137911766946892,0.5409760589318601,0.016595744680851,История СССР,1,Спартак,0,89,13,1,0,1,4.877103901471733,0,347
2025-10-29 11:40:35.865,Статья,Спартак (Москва) - Пахтакор (Ташкент). 26 июля 1974 года / Первенство советского союза,https://dzen.ru/media/id/6358cb994fee997bedba5cec/6901c9ef6c1a137a0782cd3d,7247,507716,13934,7635,8,33,75,0,359.12,355.47,0.0,0.0274444768335053,0.5200947323094589,0.0114530150407065,49.55429833034359,2025-10,2,11,10,0.0274444768335053,0.5200947323094589,0.0114530150407065,История СССР,1,Спартак,0,86,13,1,0,1,5.886437309240276,0,350
2025-10-31 11:15:32.715,Статья,Торпедо (Москва) - Днепр (Днепропетровск). 7 августа 1974 года / Первенство Советского Союза,https://dzen.ru/media/id/6358cb994fee997bedba5cec/69046aa1216cad31082c798c,865,129538,1986,892,0,7,14,0,44.31,43.88,0.0,0.0153314085442109,0.4355488418932527,0.0161849710982658,51.22543352601157,2025-10,4,11,10,0.0153314085442109,0.4355488418932527,0.0161849710982658,История СССР,0,Нет клуба,0,92,13,1,0,1,3.813527758679047,0,352
2025-11-02 11:01:18.906,Статья,Динамо (Киев) - Заря (Варашиловград). 10 августа 1974 года / Финал Кубка СССР,https://dzen.ru/media/id/6358cb994fee997bedba5cec/69047ecb123bca62f4115cb9,3851,152693,7365,3836,10,17,44,0,194.34,190.79,0.0,0.0482340382335797,0.5228784792939579,0.014022331861854,50.46481433393923,2025-11,6,11,11,0.0482340382335797,0.5228784792939579,0.014022331861854,История СССР,0,Динамо,0,77,13,1,0,1,5.274741630019331,0,354
2025-11-03 11:55:24.705,Статья,Краснодар на классе обыграл Спартак,https://dzen.ru/media/id/6358cb994fee997bedba5cec/69086578ca245860987f9938,1589,99726,2205,1005,13,9,22,0,52.88,52.81,0.0,0.0221105829974129,0.7206349206349206,0.0220264317180616,33.27879169288861,2025-11,0,11,11,0.0221105829974129,0.7206349206349206,0.0220264317180616,Другое,1,Спартак,0,35,5,0,0,0,3.986759351542163,0,355
2025-11-04 10:14:14.350,Статья,Спартак (Москва) - Арарат (Ереван). 13 августа 1974 года / Первенство Советского Союза,https://dzen.ru/media/id/6358cb994fee997bedba5cec/6904c93838145e2b3ef46f84,1684,68725,2435,2113,3,19,31,0,88.32,85.02,0.0,0.0354310658421244,0.6915811088295688,0.0201900237529691,52.44655581947743,2025-11,1,10,11,0.0354310658421244,0.6915811088295688,0.0201900237529691,История СССР,1,Спартак,0,86,13,1,0,1,4.492225426971957,0,356
2025-11-05 13:04:18.922,Статья,Спартак ищет главного тренера,https://dzen.ru/media/id/6358cb994fee997bedba5cec/690a696dd3dc1f6da214fa85,555,8037,988,534,2,2,2,0,0.55,0.53,0.0,0.1229314420803782,0.5617408906882592,0.0072072072072072,0.9909909909909912,2025-11,2,13,11,0.1229314420803782,0.5617408906882592,0.0072072072072072,Другое,1,Спартак,0,29,4,0,0,0,0.4382549309311553,0,357
2025-11-11 13:23:52.230,Статья,Локомотив - Звезда. 15 августа 1974 года / Первая лига СССР,https://dzen.ru/media/id/6358cb994fee997bedba5cec/6912ed4ae2da1154763ecf18,1439,56435,2722,2160,2,15,39,0,108.83,105.51,0.0,0.0482324798440684,0.5286554004408524,0.0284920083391243,75.62890896455872,2025-11,1,13,11,0.0482324798440684,0.5286554004408524,0.0284920083391243,История СССР,0,Локомотив,0,59,11,1,0,1,4.698933715800255,0,363
2025-11-17 16:54:31.177,Статья,Локомотив - Крылья Советов. 19 августа 1974 года / СССР Первая лига,https://dzen.ru/media/id/6358cb994fee997bedba5cec/691b1c9addb2393c95bcc520,1387,47578,3792,2046,0,6,31,0,103.86,101.02,0.0,0.0797007020051284,0.3657700421940928,0.0223503965392934,74.88103821196827,2025-11,0,16,11,0.0797007020051284,0.3657700421940928,0.0223503965392934,История СССР,0,Локомотив,0,67,12,1,0,1,4.652626127144386,0,369
2025-11-18 13:38:57.766,Статья,Станкович покинул Спартак,https://dzen.ru/media/id/6358cb994fee997bedba5cec/691c343d077a9105eb18109a,1080,25030,1495,1494,0,3,12,0,76.44,76.14,0.0,0.0597283260087894,0.7224080267558528,0.0111111111111111,70.77777777777777,2025-11,1,13,11,0.0597283260087894,0.7224080267558528,0.0111111111111111,Другое,1,Спартак,0,25,3,0,0,0,4.349503442968322,0,370
2025-11-19 11:45:41.674,Статья,Отбор на Чемпионат Мира почти завершен. Кто еще сохранил шансы на турнир?,https://dzen.ru/media/id/6358cb994fee997bedba5cec/691d7618962f3926dfeaa132,37,1693,60,38,0,0,1,0,1.98,1.98,0.0,0.0354400472533963,0.6166666666666667,0.027027027027027,53.51351351351352,2025-11,2,11,11,0.0354400472533963,0.6166666666666667,0.027027027027027,Другое,0,Нет клуба,0,73,12,0,0,0,1.091923300517313,0,371
2025-11-20 16:08:54.965,Статья,Карпин снова решил сосредоточиться на работе в Сборной России,https://dzen.ru/media/id/6358cb994fee997bedba5cec/691f0571dfd9403f396421a6,17,1621,60,17,2,1,1,0,0.89,0.87,0.0,0.0370141887723627,0.2833333333333333,0.1764705882352941,52.35294117647059,2025-11,3,16,11,0.0370141887723627,0.2833333333333333,0.1764705882352941,Сборная России,0,Нет клуба,0,61,9,0,0,0,0.636576829071551,0,372
2025-11-21 18:03:18.829,Статья,Торпедо (Москва) - Динамо (Тбилиси). 21 августа 1974 года / Первенство Советского Союза,https://dzen.ru/media/id/6358cb994fee997bedba5cec/69207a6eea8b2a2878c5fc92,4837,131237,13036,6008,2,34,59,0,305.21000000000004,298.6,0.0,0.0993317433345779,0.37104940165695,0.0126111225966508,63.09902832334093,2025-11,4,18,11,0.0993317433345779,0.37104940165695,0.0126111225966508,История СССР,0,Динамо,0,87,13,1,0,1,5.724271141083517,0,373
2025-11-24 14:54:52.446,Статья,Никита Симонян - лучший бомбардир в истории Спартака,https://dzen.ru/media/id/6358cb994fee997bedba5cec/692416ca937b3048dd33e6ea,32,1980,58,28,0,0,4,0,1.43,1.43,0.0,0.0292929292929292,0.5517241379310345,0.125,44.6875,2025-11,0,14,11,0.0292929292929292,0.5517241379310345,0.125,Другое,1,Спартак,0,52,8,0,0,0,0.8878912573524571,0,376
2025-11-25 11:49:47.354,Статья,Вадим Романов начал в Спартаке с победы,https://dzen.ru/media/id/6358cb994fee997bedba5cec/6922e8e9f9ec2b088d12fdcc,190,15654,292,247,0,2,14,0,12.83,12.72,0.0,0.0186533793279672,0.6506849315068494,0.0736842105263157,67.52631578947368,2025-11,1,11,11,0.0186533793279672,0.6506849315068494,0.0736842105263157,Другое,1,Спартак,0,39,7,0,0,0,2.626840145676667,0,377
2025-11-26 15:48:06.829,Статья,Торпедо - Зенит. 15 сентября 1974 года / Первенство Советского Союза,https://dzen.ru/media/id/6358cb994fee997bedba5cec/6926eb359fc94374a1965b21,1520,65084,3134,1638,2,7,34,0,82.36,81.51,0.0,0.0481531559215782,0.4850031908104658,0.0236842105263157,54.18421052631579,2025-11,2,15,11,0.0481531559215782,0.4850031908104658,0.0236842105263157,История СССР,1,Зенит,0,68,11,1,0,1,4.423168578005057,0,378
2025-11-27 13:03:31.849,Статья,Никита Хайкин - один из лучших вратарей Лиги Чемпионов,https://dzen.ru/media/id/6358cb994fee997bedba5cec/69280aa5c796b84cff769ac0,120,4130,177,105,0,0,5,0,5.26,5.17,0.0,0.0428571428571428,0.6779661016949152,0.0416666666666666,43.83333333333333,2025-11,3,13,11,0.0428571428571428,0.6779661016949152,0.0416666666666666,Другое,0,Нет клуба,0,54,9,0,0,0,1.8341801851120072,0,379
2025-11-28 17:43:56.493,Статья,Кубок России ушел на зимний перерыв,https://dzen.ru/media/id/6358cb994fee997bedba5cec/6929accc30c9cc17f94e9172,915,14932,1367,1038,14,11,20,0,52.19,51.48,0.0,0.091548352531476,0.6693489392831017,0.0371584699453551,57.03825136612021,2025-11,4,17,11,0.091548352531476,0.6693489392831017,0.0371584699453551,Другое,0,Нет клуба,0,35,6,0,0,0,3.9738704087542263,0,380
2025-12-01 16:53:16.630,Статья,Торпедо - Кайрат. 3 ноября 1974 года / Первенство Советского Союза,https://dzen.ru/media/id/6358cb994fee997bedba5cec/692d9a497a23d3086a382cac,40,1120,82,64,0,0,6,0,3.21,3.21,0.0,0.0732142857142857,0.4878048780487805,0.15,80.25,2025-12,0,16,12,0.0732142857142857,0.4878048780487805,0.15,История СССР,0,Нет клуба,0,66,11,1,0,1,1.43746264769429,0,383
2025-12-02 16:05:52.922,Статья,Итоги 17 тура РПЛ,https://dzen.ru/media/id/6358cb994fee997bedba5cec/692edca4f44c4449f27b6838,690,30160,1436,793,0,6,9,0,39.830000000000005,39.7,0.0,0.0476127320954907,0.4805013927576602,0.0130434782608695,57.72463768115943,2025-12,1,16,12,0.0476127320954907,0.4805013927576602,0.0130434782608695,Обзоры матчей,0,Нет клуба,0,17,4,0,0,1,3.7094171053314846,0,384
2025-12-03 17:35:57.696,Статья,Капитан Локомотива перейдет в ЦСКА,https://dzen.ru/media/id/6358cb994fee997bedba5cec/69303288e3bdaf628d59b9c4,476,7773,657,352,0,1,9,0,17.709999999999997,17.63,0.0,0.0845233500578927,0.7245053272450532,0.01890756302521,37.20588235294117,2025-12,2,17,12,0.0845233500578927,0.7245053272450532,0.01890756302521,Другое,1,ЦСКА,0,34,5,0,0,0,2.9290581402859983,0,385
2025-12-09 17:22:13.402,Статья,Локомотив - Динамо. 6 апреля 1975 года / Кубок СССР,https://dzen.ru/media/id/6358cb994fee997bedba5cec/693827a70260c853b69f2c1d,1720,196691,5416,2395,0,14,31,0,119.9,118.23,0.0,0.0275355761066851,0.3175775480059084,0.0180232558139534,69.70930232558139,2025-12,1,17,12,0.0275355761066851,0.3175775480059084,0.0180232558139534,История СССР,0,Локомотив,0,51,10,1,0,1,4.794963757620747,0,391
2025-12-17 11:15:39.740,Статья,Локомотив (Москва) - СКА (Ростов-на-Дону). 20 апреля 1975 года / Высшая Лига СССР,https://dzen.ru/media/id/6358cb994fee997bedba5cec/69425b2a41a09c780944f7ab,5640,367128,15795,7562,13,44,90,0,376.89,369.44,0.0,0.0430231417925083,0.3570750237416904,0.0182624113475177,66.82446808510637,2025-12,2,11,12,0.0430231417925083,0.3570750237416904,0.0182624113475177,История СССР,0,Локомотив,0,81,13,1,0,1,5.9346031479783266,0,399
2025-12-18 15:20:05.576,Статья,Локомотив нашел замену Дмитрию Баринову,https://dzen.ru/media/id/6358cb994fee997bedba5cec/6943d96eed51314e35e0f514,1509,67187,3051,855,4,6,13,0,43.0,43.0,0.0,0.0454105704972688,0.4945919370698132,0.0112657388999337,28.495692511597085,2025-12,3,15,12,0.0454105704972688,0.4945919370698132,0.0112657388999337,Другое,0,Локомотив,0,39,5,0,0,0,3.784189633918261,0,400
2025-12-20 10:00:35.796,Статья,Торпедо (Москва) - Карпаты (Львов). 22 апреля 1975 года / Чемпионат СССР,https://dzen.ru/media/id/6358cb994fee997bedba5cec/694562d8f601824824902675,1364,33537,4228,1262,1,5,31,0,62.67,60.82,0.0,0.1260697140471718,0.3226111636707663,0.0234604105571847,45.94574780058651,2025-12,5,10,12,0.1260697140471718,0.3226111636707663,0.0234604105571847,История СССР,0,Нет клуба,0,72,12,1,0,1,4.153713494028934,0,402
2025-12-22 11:36:04.304,Статья,Зенит и ЦСКА могут провернуть обмен года,https://dzen.ru/media/id/6358cb994fee997bedba5cec/6948ff36803c4b3efb340b28,129,2191,199,59,0,2,4,0,2.99,2.99,0.0,0.0908261068005477,0.6482412060301508,0.0310077519379844,23.178294573643413,2025-12,0,11,12,0.0908261068005477,0.6482412060301508,0.0310077519379844,Другое,1,ЦСКА,0,40,7,0,0,0,1.3837912309017721,0,404
2025-12-25 18:41:50.307,Статья,Спартак (Москва) - Динамо (Тбилиси). 26 апреля 1975 года / Чемпионат СССР по футболу,https://dzen.ru/media/id/6358cb994fee997bedba5cec/694d4dfed01c511e5eaa6a27,8346,247666,17574,7599,5,47,90,0,378.52,374.76,0.0,0.0709584682596723,0.4749061113007852,0.0113826982985861,45.3534627366403,2025-12,3,18,12,0.0709584682596723,0.4749061113007852,0.0113826982985861,История СССР,1,Спартак,0,84,14,1,0,1,5.9389072963693055,0,408
2025-12-28 11:23:02.450,Статья,Торпедо (Москва) - Черноморец (Одесса). 27 апреля 1975 года / Чемпионат СССР по футболу,https://dzen.ru/media/id/6358cb994fee997bedba5cec/694e590dd01c511e5e98ee42,708,20550,1230,915,1,7,27,0,47.36,47.19,0.0,0.0598540145985401,0.5756097560975609,0.03954802259887,66.89265536723164,2025-12,6,11,12,0.0598540145985401,0.5756097560975609,0.03954802259887,История СССР,0,Нет клуба,0,87,14,1,0,1,3.878673025746592,0,410
2025-12-30 14:33:06.967,Статья,Спартак (Москва) - Динамо (Москва). 30 апреля 1975 года / Чемпионат СССР по футболу,https://dzen.ru/media/id/6358cb994fee997bedba5cec/694e7c5bb297451c0bafede8,4843,224001,12818,6145,7,39,68,0,312.48,307.55,0.0,0.0572229588260766,0.3778280542986425,0.015486268841627,64.52199050175511,2025-12,1,14,12,0.0572229588260766,0.3778280542986425,0.015486268841627,История СССР,1,Спартак,0,83,14,1,0,1,5.747735562184664,0,412
2026-01-02 11:05:06.643,Статья,Локомотив (Москва) - Арарат (Ереван). 27 апреля 1975 года / Чемпионат СССР по футболу,https://dzen.ru/media/id/6358cb994fee997bedba5cec/694bbb4783066f0c644def7b,2699,94389,6575,4005,0,10,54,0,200.31,186.82,0.0,0.0696585407197872,0.4104942965779468,0.0200074101519081,74.21637643571694,2026-01,4,11,1,0.0696585407197872,0.4104942965779468,0.0200074101519081,История СССР,0,Локомотив,1,85,14,1,0,1,5.304846008510737,0,415
2026-01-03 10:01:50.794,Статья,ЦСКА покупает левого вингера,https://dzen.ru/media/id/6358cb994fee997bedba5cec/6958302510ea6a3d0c628c2e,12115,347299,16197,9877,8,56,109,0,498.47,493.31,0.0,0.0466370476160311,0.7479780206211026,0.0096574494428394,41.14486174164259,2026-01,5,10,1,0.0466370476160311,0.7479780206211026,0.0096574494428394,Другое,1,ЦСКА,1,28,4,0,0,0,6.213547536224871,1,416
2026-01-04 11:51:06.821,Статья,Спартак нашел главного тренера,https://dzen.ru/media/id/6358cb994fee997bedba5cec/695a2491d01c511e5e54c488,5288,387978,12265,5457,28,43,59,0,277.19,273.44,0.0,0.0316126172102541,0.4311455360782715,0.0164523449319213,52.41868381240545,2026-01,6,11,1,0.0316126172102541,0.4311455360782715,0.0164523449319213,Другое,1,Спартак,1,30,4,0,0,0,5.628304333480244,0,417
2026-01-05 11:22:15.793,Статья,ЦСКА - Локомотив. 02 мая 1975 года / Чемпионат СССР по футболу,https://dzen.ru/media/id/6358cb994fee997bedba5cec/695235922806d97732af4ba0,2015,57678,4384,2307,2,20,61,0,115.9,113.54,0.0,0.0760081833628073,0.4596259124087591,0.0312655086848635,57.51861042183623,2026-01,0,11,1,0.0760081833628073,0.4596259124087591,0.0312655086848635,История СССР,1,ЦСКА,1,62,12,1,0,1,4.761318868478023,0,418
2026-01-06 06:22:10.902,Статья,ЦСКА нашел замену Дивееву,https://dzen.ru/media/id/6358cb994fee997bedba5cec/695c54ed4120ad68e6685132,21133,947626,40112,10120,19,76,212,0,508.73,506.9,0.0,0.0423289356771553,0.5268498205025928,0.0109307717787346,24.072777173141528,2026-01,1,6,1,0.0423289356771553,0.5268498205025928,0.0109307717787346,Другое,1,ЦСКА,1,25,4,0,0,0,6.233881173765777,1,419
2026-01-08 11:04:33.682,Статья,Локомотив - Спартак. 11 мая 1975 года / Чемпионат СССР по футболу,https://dzen.ru/media/id/6358cb994fee997bedba5cec/69523b27a248e4546315c275,2046,167322,5169,2920,5,18,46,0,145.72,142.08,0.0,0.0308925305697995,0.395821242019733,0.0249266862170087,71.22189638318672,2026-01,3,11,1,0.0308925305697995,0.395821242019733,0.0249266862170087,История СССР,1,Спартак,1,65,12,1,0,1,4.988526008508154,0,421
2026-01-09 14:28:39.417,Статья,Зенит вернул деньги за провальный трансфер,https://dzen.ru/media/id/6358cb994fee997bedba5cec/6960ddaa179b5741acc299f0,679,6228,1035,275,0,1,19,0,13.8,13.74,0.0,0.1661849710982658,0.6560386473429952,0.0279823269513991,20.324005891016203,2026-01,4,14,1,0.1661849710982658,0.6560386473429952,0.0279823269513991,Трансферы,1,Зенит,1,42,6,0,0,0,2.6946271807700692,0,422
2026-01-11 11:50:46.277,Статья,СССР - Югославия. 21 мая 1975 года / Отборочный матч Олимпийского турнира,https://dzen.ru/media/id/6358cb994fee997bedba5cec/695245782b25664038c366fb,2107,61738,3128,2893,0,12,40,0,145.44,140.67,0.0,0.0506657164145259,0.6735933503836317,0.0189843379212149,69.02705268153774,2026-01,6,11,1,0.0506657164145259,0.6735933503836317,0.0189843379212149,История СССР,0,Нет клуба,1,73,12,1,0,1,4.986615788252036,0,424
2026-01-12 06:38:56.516,Статья,Ахмат - самый активный клуб на трансферном рынке в январе,https://dzen.ru/media/id/6358cb994fee997bedba5cec/69646c40c3e44520c2cd2b54,7933,326616,10778,5924,6,21,54,0,297.78000000000003,291.56,0.0,0.032998995762608,0.7360363703841158,0.0075633429976049,37.53687129711333,2026-01,0,6,1,0.032998995762608,0.7360363703841158,0.0075633429976049,Трансферы,0,Ахмат,1,57,10,0,0,0,5.699707516614171,0,425
2026-01-13 10:40:16.477,Статья,У Рубина новый главный тренер,https://dzen.ru/media/id/6358cb994fee997bedba5cec/6965f5bc5cf24347b9cb9f8c,20391,899728,31186,10853,16,58,109,0,545.53,543.55,0.0,0.0346615866128429,0.6538510870262297,0.0061301554607424,26.753469667990775,2026-01,1,10,1,0.0346615866128429,0.6538510870262297,0.0061301554607424,Другое,0,Рубин,1,29,5,0,0,0,6.303589200894925,1,426
2026-01-14 17:58:56.501,Статья,Оренбург ищет таланты в Латинской Америке,https://dzen.ru/media/id/6358cb994fee997bedba5cec/6967ac8fd1fb0336305d0e30,38,2324,85,30,0,0,7,0,1.51,1.51,0.0,0.0365748709122203,0.4470588235294118,0.1842105263157894,39.73684210526316,2026-01,2,17,1,0.0365748709122203,0.4470588235294118,0.1842105263157894,Другое,0,Нет клуба,1,41,6,0,0,0,0.9202827531436926,0,427
2026-01-16 17:02:26.116,Статья,Спартак (Москва) - Арарат (Ереван). 25 мая 1975 года / Чемпионат СССР по футболу,https://dzen.ru/media/id/6358cb994fee997bedba5cec/696a41060a33112e463cfaa3,1562,27884,2400,1942,3,9,35,0,97.61,94.91,0.0,0.0860708650121933,0.6508333333333334,0.0243277848911651,62.49039692701665,2026-01,4,17,1,0.0860708650121933,0.6508333333333334,0.0243277848911651,История СССР,1,Спартак,1,80,14,1,0,1,4.591172676344238,0,429
2026-01-18 13:21:13.455,Статья,Зенит продает второго нападаюшего и покупает еще одного бразильца,https://dzen.ru/media/id/6358cb994fee997bedba5cec/696caf3ab0c7824d66829380,11799,431565,18100,7747,21,33,64,0,389.43,388.94,0.0,0.041940379780566,0.6518784530386741,0.0072040003390117,33.00533943554539,2026-01,6,13,1,0.041940379780566,0.6518784530386741,0.0072040003390117,Другое,1,Зенит,1,65,9,0,0,0,5.9672486958488635,0,431
2026-01-19 16:26:27.258,Статья,Акрон подписал молодого таланта из Уругвая,https://dzen.ru/media/id/6358cb994fee997bedba5cec/696e2fc73d3d4e360b15c68e,33,5521,95,18,0,1,6,0,0.88,0.88,0.0,0.0172070277123709,0.3473684210526316,0.1818181818181818,26.666666666666668,2026-01,0,16,1,0.0172070277123709,0.3473684210526316,0.1818181818181818,Другое,0,Акрон,1,42,6,0,0,0,0.6312717768418579,0,432
2026-01-22 17:50:51.227,Статья,"Динамо укрепляет проблемную зону, а Спартак нашел крайнего защитника",https://dzen.ru/media/id/6358cb994fee997bedba5cec/6972352213508a6e44807abe,12498,248999,20366,10627,10,32,108,0,534.17,530.66,0.0,0.0817914931385266,0.6136698418933517,0.0094415106417026,42.74043847015522,2026-01,3,17,1,0.0817914931385266,0.6136698418933517,0.0094415106417026,Другое,1,Спартак,1,68,9,0,0,0,6.282584453431286,1,435
2026-01-25 14:30:42.761,Статья,Крылья Советов получили бан на регистрацию новых футболистов,https://dzen.ru/media/id/6358cb994fee997bedba5cec/6975fd62cfce4a65cb2cc012,27,3636,64,18,0,0,7,0,0.9,0.89,0.0,0.0176017601760176,0.421875,0.2592592592592592,33.333333333333336,2026-01,6,14,1,0.0176017601760176,0.421875,0.2592592592592592,Другое,0,Нет клуба,1,60,8,0,0,0,0.6418538861723948,0,438
2026-01-27 18:59:49.074,Статья,Торпедо - Спартак. 31 мая 1975 года / Чемпионат СССР по футболу,https://dzen.ru/media/id/6358cb994fee997bedba5cec/6978db7f2623ca0210010fc3,2669,85699,6162,2524,4,20,46,0,124.06,123.05,0.0,0.0719028226700428,0.4331385913664394,0.0187336080929186,46.481828400149865,2026-01,1,18,1,0.0719028226700428,0.4331385913664394,0.0187336080929186,История СССР,1,Спартак,1,63,12,1,0,1,4.828793622139152,0,441
2026-02-01 13:12:28.145,Статья,Попал в немилость у главного тренера и уехал в Турцию,https://dzen.ru/media/id/6358cb994fee997bedba5cec/697f24da0aeeb92c54afdbb8,327,3107,698,144,3,0,12,0,6.57,6.57,0.0,0.2246540070807853,0.4684813753581662,0.0458715596330275,20.091743119266056,2026-02,6,13,2,0.2246540070807853,0.4684813753581662,0.0458715596330275,Другое,0,Нет клуба,1,53,10,0,0,0,2.0241930674493576,0,445
2026-02-04 10:43:20.764,Статья,«Пари НН» и «Ахмат» подписали нападающих,https://dzen.ru/media/id/6358cb994fee997bedba5cec/6982f4dc5c52a7268d32bc58,3769,54567,5874,3097,3,9,30,0,141.23000000000002,138.46,0.0,0.1076474792456979,0.6416411304051753,0.0087556381002918,37.47147784558239,2026-02,2,10,2,0.1076474792456979,0.6416411304051753,0.0087556381002918,Другое,0,Ахмат,1,40,6,0,0,0,4.957445465582137,0,448
2026-02-05 15:53:25.434,Статья,"Чалов ищет себя в Европе, а Зенит покинул центральный защитник",https://dzen.ru/media/id/6358cb994fee997bedba5cec/69848c89bbea3473b97e27cc,7772,179893,13220,5609,5,26,44,0,255.76,255.45,0.0,0.0734881290544935,0.5878971255673222,0.0063046834791559,32.90787442099845,2026-02,3,15,2,0.0734881290544935,0.5878971255673222,0.0063046834791559,Другое,1,Зенит,1,62,10,0,0,0,5.548141796443577,0,449
2026-02-06 17:25:40.647,Статья,«ЛОКОМОТИВ» (Москва) — «ДНЕПР» (Днепропетровск). 1 июня 1975 года / Чемпионат СССР Высшая Лига,https://dzen.ru/media/id/6358cb994fee997bedba5cec/6985f573cf4f0767be1767ce,1144,34399,3901,1368,0,5,24,0,63.91,62.03,0.0,0.1134044594319602,0.2932581389387336,0.0209790209790209,55.86538461538461,2026-02,4,17,2,0.1134044594319602,0.2932581389387336,0.0209790209790209,История СССР,0,Локомотив,1,94,14,1,0,1,4.173001695045377,0,450
2026-02-09 15:24:37.222,Статья,"У ЦСКА новый центральный защитник, а «Зенит» делает все, чтобы выиграть чемпионство",https://dzen.ru/media/id/6358cb994fee997bedba5cec/6989cde5ceb2007cf6fca328,26710,578528,40210,23821,56,76,192,0,1087.28,1079.61,0.0,0.0695039825211571,0.6642626212384979,0.0092849120179707,40.706851366529385,2026-02,0,15,2,0.0695039825211571,0.6642626212384979,0.0092849120179707,Другое,1,ЦСКА,1,83,12,0,0,0,6.992353747247477,1,453
2026-02-13 10:59:24.381,Статья,"ЦСКА подписал воспитанника Зенита, а Краснодар укрепляет атаку",https://dzen.ru/media/id/6358cb994fee997bedba5cec/698ed8af6ead264adb5ce05e,5316,159507,8579,4313,4,17,49,0,196.68,196.24,0.0,0.0537844734086905,0.6196526401678517,0.0099699021820918,36.99774266365689,2026-02,4,10,2,0.0537844734086905,0.6196526401678517,0.0099699021820918,Другое,1,ЦСКА,1,62,8,0,0,0,5.286649561680354,0,457
2026-02-14 09:01:00.872,Статья,СССР - Италия. 8 июня 1975 года / Товарищеский матч,https://dzen.ru/media/id/6358cb994fee997bedba5cec/698f2732bcaee9212ce401ed,8695,214871,19751,9347,31,50,65,0,449.59,434.67,0.0,0.0919202684401338,0.440230874386107,0.0110408280621046,51.70672800460035,2026-02,5,9,2,0.0919202684401338,0.440230874386107,0.0110408280621046,История СССР,0,Нет клуба,1,51,10,1,0,1,6.110557835119837,1,458
2026-02-17 16:14:39.321,Статья,"Рядно перешел в Балтику, Бакаев и Тодорович будут выступать в ФНЛ / Трансферы РПЛ",https://dzen.ru/media/id/6358cb994fee997bedba5cec/699467f3d56e1b3a49107525,10571,326131,16498,9165,10,22,44,0,419.68,416.82,0.0,0.0505870340446017,0.6407443326463814,0.0051083152019676,39.70106896225523,2026-02,1,16,2,0.0505870340446017,0.6407443326463814,0.0051083152019676,Трансферы,0,Нет клуба,1,81,14,1,0,0,6.0418724496518275,0,461
2026-02-19 17:54:08.509,Статья,"Ахмат укрепляет защитную линию, еще два новичка / Трансферы РПЛ",https://dzen.ru/media/id/6358cb994fee997bedba5cec/6997235519f30a2426742d52,6292,190234,9871,3122,2,20,46,0,148.79999999999998,148.48,0.0,0.0518887265157647,0.6374227535204133,0.0076287349014621,23.649078194532738,2026-02,3,17,2,0.0518887265157647,0.6374227535204133,0.0076287349014621,Трансферы,0,Ахмат,1,63,10,1,0,0,5.009301071083119,0,463
2026-02-24 12:46:45.883,Статья,Рубин подписал опорника и лучшего бомбардира Чемпионата Казахстана,https://dzen.ru/media/id/6358cb994fee997bedba5cec/699d6dccc96e4e5333367216,4489,150375,8547,3291,0,6,34,0,160.70000000000002,159.93,0.0,0.0568379052369077,0.5252135252135253,0.0075740699487636,35.79861884606817,2026-02,1,12,2,0.0568379052369077,0.5252135252135253,0.0075740699487636,Другое,0,Рубин,1,66,8,0,0,0,5.085742766583062,0,468
2026-02-26 09:10:20.440,Статья,Локомотив - Зенит. 11 июня 1975 года / Чемпионат СССР Высшая лига,https://dzen.ru/media/id/6358cb994fee997bedba5cec/699dbb9ba0e1894ffe14a366,488,81476,1130,645,1,4,21,0,32.21,31.53,0.0,0.0138691148313613,0.431858407079646,0.0450819672131147,66.00409836065573,2026-02,3,9,2,0.0138691148313613,0.431858407079646,0.0450819672131147,История СССР,1,Зенит,1,65,12,1,0,1,3.5028510353886553,0,470
2026-02-27 09:45:32.763,Статья,Последние трансферы перед возобновлением сезона в РПЛ,https://dzen.ru/media/id/6358cb994fee997bedba5cec/69a03c31a553e22b2028f2c5,6018,203872,8694,5097,0,17,32,0,256.25,253.29,0.0,0.0426444043321299,0.6922015182884748,0.005317381189764,42.58059155865737,2026-02,4,9,2,0.0426444043321299,0.6922015182884748,0.005317381189764,Трансферы,0,Нет клуба,1,53,7,0,0,0,5.550048374714159,0,471
2026-03-03 14:03:41.223,Статья,Возвращение РПЛ = возвращение спорных судейских решений / 19 тур РПЛ,https://dzen.ru/media/id/6358cb994fee997bedba5cec/69a36a984aaf5559c2781c51,4836,371794,8133,2980,38,25,26,0,150.20000000000002,149.68,0.0,0.0218750168103842,0.5946145333825157,0.0132340777502067,31.058726220016545,2026-03,1,14,3,0.0218750168103842,0.5946145333825157,0.0132340777502067,Обзоры матчей,0,Нет клуба,0,68,11,1,0,1,5.018603463745433,0,475
2026-03-07 09:12:19.866,Статья,Торпедо - СКА. 21 июня 1975 года / Чемпионат СССР,https://dzen.ru/media/id/6358cb994fee997bedba5cec/69aae88b1e04d65c970992c9,2143,80209,5508,2362,2,7,39,0,116.91,113.6,0.0,0.0686705980625615,0.3890704429920116,0.0191320578628091,54.55436304246384,2026-03,5,9,3,0.0686705980625615,0.3890704429920116,0.0191320578628091,История СССР,0,Нет клуба,0,49,10,1,0,1,4.769921621588582,0,479
2026-03-10 10:31:26.447,Статья,Весёлый Спартак Карседо,https://dzen.ru/media/id/6358cb994fee997bedba5cec/69afc7c90bc361730c04ac07,3881,167128,6838,4019,34,25,59,0,201.28,199.96,0.0,0.040914747977598,0.5675636150921322,0.0239628961607833,51.86292192733832,2026-03,1,10,3,0.040914747977598,0.5675636150921322,0.0239628961607833,Другое,1,Спартак,0,23,3,0,0,0,5.309652876211782,0,482
2026-03-12 16:43:29.359,Статья,Динамо - лучшая команда после возобновления РПЛ,https://dzen.ru/media/id/6358cb994fee997bedba5cec/69b2c266b5c00350b534af6a,2218,87012,3013,1300,10,8,39,0,65.51,65.23,0.0,0.0346274077138785,0.7361433786923333,0.0220919747520288,29.535617673579804,2026-03,3,16,3,0.0346274077138785,0.7361433786923333,0.0220919747520288,Другое,0,Динамо,0,47,7,0,0,0,4.19735231229633,0,484
2026-03-14 09:02:46.992,Статья,Торпедо (Москва) - Динамо (Киев). 25 июня 1975 года / Чемпионат СССР,https://dzen.ru/media/id/6358cb994fee997bedba5cec/69b40375921cc60736593af2,780,32241,1175,655,2,2,16,0,32.95,32.12,0.0,0.0364442790236034,0.6638297872340425,0.023076923076923,42.24358974358974,2026-03,5,9,3,0.0364442790236034,0.6638297872340425,0.023076923076923,История СССР,0,Динамо,0,68,12,1,0,1,3.5248888540047054,0,486
2026-03-19 14:36:03.885,Статья,"Спартак победил Динамо, но не прошел дальше в Пути РПЛ",https://dzen.ru/media/id/6358cb994fee997bedba5cec/69bbd589140c421ae33194cd,309,38134,556,114,3,1,6,0,5.68,5.68,0.0,0.0145801646824356,0.5557553956834532,0.029126213592233,18.38187702265372,2026-03,3,14,3,0.0145801646824356,0.5557553956834532,0.029126213592233,Другое,1,Спартак,0,54,10,0,0,0,1.8991179875485542,0,491
2026-03-21 08:41:48.067,Статья,Торпедо (Москва) - Арарат (Ереван). 29 июня 1975 года / Чемпионат СССР,https://dzen.ru/media/id/6358cb994fee997bedba5cec/69bd544ca687b755dfae6342,1350,86654,2850,1546,4,7,30,0,77.5,75.93,0.0,0.0328894223001823,0.4736842105263157,0.0251851851851851,57.407407407407405,2026-03,5,8,3,0.0328894223001823,0.4736842105263157,0.0251851851851851,История СССР,0,Нет клуба,0,70,12,1,0,1,4.363098624788363,0,493
2026-03-23 11:54:52.450,Статья,Еще одна победа Карседо,https://dzen.ru/media/id/6358cb994fee997bedba5cec/69c0f0744e346d7fdbfb6400,127,18748,211,92,0,1,6,0,4.64,4.64,0.0,0.0112545338169404,0.6018957345971564,0.0472440944881889,36.53543307086614,2026-03,0,11,3,0.0112545338169404,0.6018957345971564,0.0472440944881889,Другое,0,Нет клуба,0,23,4,0,0,0,1.7298840655099674,0,495
2026-03-24 12:27:22.858,Статья,Соперники сборной России в марте,https://dzen.ru/media/id/6358cb994fee997bedba5cec/69c12f5c65b53d21039f598f,333,24143,521,238,0,0,1,0,11.97,11.95,0.0,0.0215797539659528,0.6391554702495201,0.003003003003003,35.94594594594594,2026-03,1,12,3,0.0215797539659528,0.6391554702495201,0.003003003003003,Сборная России,0,Нет клуба,0,32,5,0,0,0,2.5626389983283526,0,496
2026-03-26 12:50:30.796,Статья,Спартак (Москва) - Шахтёр (Донецк). 2 июля 1975 года / Чемпионат СССР,https://dzen.ru/media/id/6358cb994fee997bedba5cec/69c4fe5cdfde34121e8d8108,884,20918,2632,736,2,4,13,0,36.98,35.53,0.0,0.1258246486279759,0.3358662613981762,0.0169683257918552,41.832579185520366,2026-03,3,12,3,0.1258246486279759,0.3358662613981762,0.0169683257918552,История СССР,1,Спартак,0,69,12,1,0,1,3.63705970538414,0,498
2026-03-28 09:10:41.746,Статья,Лучшие игроки марта в РПЛ по голевым действиям,https://dzen.ru/media/id/6358cb994fee997bedba5cec/69c50df12115241eb1e8caef,681,64155,1349,586,1,4,2,0,29.52,29.34,0.0,0.021027199750604,0.5048183839881394,0.0044052863436123,43.348017621145374,2026-03,5,9,3,0.021027199750604,0.5048183839881394,0.0044052863436123,Статистика,0,Нет клуба,0,46,8,0,0,0,3.4183822064162563,0,500
2026-03-31 16:28:46.666,Статья,Локомотив - Динамо. 6 июля 1975 года / Чемпионат СССР,https://dzen.ru/media/id/6358cb994fee997bedba5cec/69cbc24a18334e4323f57cb1,174,11839,464,220,0,1,3,0,10.93,10.48,0.0,0.0391924993665005,0.375,0.0172413793103448,62.81609195402299,2026-03,1,16,3,0.0391924993665005,0.375,0.0172413793103448,История СССР,0,Локомотив,0,53,10,1,0,1,2.4790562361098245,0,503
2026-04-06 14:09:27.822,Статья,Спартак - Локомотив. 16 июля 1975 года / Чемпионат СССР,https://dzen.ru/media/id/6358cb994fee997bedba5cec/69d3911aa7792d71a5d18ad1,33,1988,163,37,0,0,3,0,1.82,1.78,0.0,0.0819919517102615,0.2024539877300613,0.0909090909090909,55.15151515151516,2026-04,0,14,4,0.0819919517102615,0.2024539877300613,0.0909090909090909,История СССР,1,Спартак,0,55,10,1,0,1,1.0367368849500223,0,509
2026-04-07 14:48:30.198,Статья,Зенит и Краснодар победили в сложных матча / дерби за Спартаком. о 23 туре РПЛ,https://dzen.ru/media/id/6358cb994fee997bedba5cec/69d4b661860e9b52138f5843,2278,213555,5787,1568,0,8,21,0,78.25,78.25,0.0,0.0270984055629697,0.3936409193018835,0.0092186128182616,34.35030728709394,2026-04,1,14,4,0.0270984055629697,0.3936409193018835,0.0092186128182616,Обзоры матчей,1,Спартак,0,78,15,1,0,1,4.37260741275739,0,510
2026-04-09 14:42:20.513,Статья,Карседо сделал чудо,https://dzen.ru/media/id/6358cb994fee997bedba5cec/69d781408688ee6d1d874063,46,1174,130,39,1,0,1,0,1.95,1.95,0.0,0.110732538330494,0.3538461538461538,0.0434782608695652,42.391304347826086,2026-04,3,14,4,0.110732538330494,0.3538461538461538,0.0434782608695652,Другое,0,Нет клуба,0,19,3,0,0,0,1.0818051703517284,0,512
2026-04-13 11:58:50.073,Статья,Челлестини может покинуть ЦСКА,https://dzen.ru/media/id/6358cb994fee997bedba5cec/69dca6367406736c71110ee4,10591,179963,15367,6241,79,61,64,0,311.42,310.95,0.0,0.0853897745647716,0.689204138738856,0.0135020300254933,29.404211122651308,2026-04,0,11,4,0.0853897745647716,0.689204138738856,0.0135020300254933,Слухи и мнения,1,ЦСКА,0,30,4,0,1,0,5.744348436402863,0,516
2026-04-30 14:11:24.904,Статья,Основной защитник Локо бесплатно уйдет из клуба / Зениту интересен игрок Балтики - Трансферы РПЛ,https://dzen.ru/media/id/6358cb994fee997bedba5cec/69f327a26c96204acea5af36,16887,320024,29103,11161,67,52,59,0,552.5,550.45,0.0,0.0909400544959128,0.5802494588186785,0.0074613608100906,32.717474980754425,2026-04,3,14,4,0.0909400544959128,0.5802494588186785,0.0074613608100906,Трансферы,1,Зенит,0,96,15,1,1,0,6.316261752148692,1,533
2026-05-04 12:39:36.386,Статья,Челестини - уволен / Заболотный сдал положительный допинг-тест. Новости перед дерби Спартак - ЦСКА,https://dzen.ru/media/id/6358cb994fee997bedba5cec/69f86234954d8b7916be45d1,2640,164579,4592,1652,2,10,22,0,81.52000000000001,81.48,0.0,0.027901494115288,0.5749128919860628,0.009090909090909,30.87878787878788,2026-05,0,12,5,0.027901494115288,0.5749128919860628,0.009090909090909,Другое,1,ЦСКА,0,98,14,1,0,0,4.4130406882030515,0,537
2026-05-13 12:47:32.949,Статья,В Сборную вызвали игрока Манчестер Юнайтед / Ближайшие соперники,https://dzen.ru/media/id/6358cb994fee997bedba5cec/6a043874f1a46425553da5e6,301,98781,1009,270,1,5,6,0,13.32,13.3,0.0,0.010214514937083,0.2983151635282458,0.0232558139534883,44.25249169435216,2026-05,2,12,5,0.010214514937083,0.2983151635282458,0.0232558139534883,Сборная России,0,Нет клуба,0,64,9,1,0,0,2.6616571615324998,0,546
2026-05-19 12:32:23.837,Статья,"ЦСКА, что там с тренером?",https://dzen.ru/media/id/6358cb994fee997bedba5cec/6a0c2403c99adc609f175059,24457,603908,43225,20060,83,110,149,0,989.73,979.41,0.0,0.0715754717605993,0.5658068247541932,0.0094860367175041,40.46816862248028,2026-05,1,12,5,0.0715754717605993,0.5658068247541932,0.0094860367175041,Другое,1,ЦСКА,0,25,5,0,0,0,6.8984420451395625,1,552
2026-05-20 15:10:38.342,Статья,"Шварц в Динамо, зачем?",https://dzen.ru/media/id/6358cb994fee997bedba5cec/6a0d8f7eb0a2f8305e252ec9,1512,10897,4416,515,38,12,37,0,25.42,25.28,0.0,0.4052491511425163,0.3423913043478261,0.0496031746031746,16.812169312169313,2026-05,2,15,5,0.4052491511425163,0.3423913043478261,0.0496031746031746,Другое,0,Динамо,0,22,4,0,0,0,3.2741212990941793,0,553
2026-05-22 14:21:03.231,Статья,Зениту интересен очередной бразилец,https://dzen.ru/media/id/6358cb994fee997bedba5cec/6a10338d8cb90d5515354e83,5304,163325,10056,3758,22,31,30,0,185.38,184.93,0.0,0.0615704882902188,0.5274463007159904,0.0098039215686274,34.950980392156865,2026-05,4,14,5,0.0615704882902188,0.5274463007159904,0.0098039215686274,Слухи и мнения,1,Зенит,0,35,4,0,1,0,5.22778760035751,0,555
2026-05-26 15:47:20.220,Статья,Ахмат подписал опорника / Зенит купил лидера Балтики. Трансферы РПЛ,https://dzen.ru/media/id/6358cb994fee997bedba5cec/6a158db5a24a720a4318cf8d,10185,270076,17132,4994,33,37,58,0,246.46,245.75,0.0,0.0634339963565811,0.594501517627831,0.00893470790378,24.198330878743253,2026-05,1,15,5,0.0634339963565811,0.594501517627831,0.00893470790378,Трансферы,1,Зенит,0,67,10,1,0,0,5.51124895278583,0,559
2026-05-27 12:43:17.518,Статья,Краснодар ищет усиление,https://dzen.ru/media/id/6358cb994fee997bedba5cec/6a16b38a20be4c1c10c1b0fb,13424,334618,18234,10151,16,35,62,0,500.6,491.46,0.0,0.0544919878787154,0.736207085664144,0.0058104886769964,37.291418355184746,2026-05,2,12,5,0.0544919878787154,0.736207085664144,0.0058104886769964,Другое,0,Краснодар,0,23,3,0,0,0,6.217802989318711,1,560
2026-05-28 16:45:13.415,Статья,Спартаку интересен левый защитник из Испании / Барко может покинуть команду,https://dzen.ru/media/id/6358cb994fee997bedba5cec/6a183bb701812d0f1b2171ee,21957,383062,34016,15109,17,52,107,0,745.3699999999999,736.81,0.0,0.0888002464353029,0.6454903574788335,0.005647401739764,33.94680511909641,2026-05,3,16,5,0.0888002464353029,0.6454903574788335,0.005647401739764,Слухи и мнения,1,Спартак,0,75,11,1,1,0,6.615221455799332,1,561
2026-05-30 16:25:15.842,Статья,В ЦСКА определили тренерский штаб на новый сезон,https://dzen.ru/media/id/6358cb994fee997bedba5cec/6a1acab1c5364e237329995e,49509,1063255,80712,37960,132,208,404,0,1870.59,1850.88,0.0,0.0759102943320275,0.6134032114183765,0.0108263144074814,37.78282736472157,2026-05,5,16,5,0.0759102943320275,0.6134032114183765,0.0108263144074814,Другое,1,ЦСКА,0,48,8,0,0,0,7.534543615955774,1,563
2026-06-01 11:34:48.781,Статья,Алексей Батраков переходит в ПСЖ,https://dzen.ru/media/id/6358cb994fee997bedba5cec/6a1d36c8b10e3825a8801285,52963,1219673,86727,30762,169,256,388,0,1502.94,1500.19,0.0,0.0711067638621171,0.6106864067706712,0.0105167758623945,28.377168967014708,2026-06,0,11,6,0.0711067638621171,0.6106864067706712,0.0105167758623945,Другое,0,Нет клуба,1,32,5,0,0,0,7.315843610096993,1,565
2026-06-03 11:14:05.417,Статья,Лидер Краснодара собирается в Саудовскую Аравию,https://dzen.ru/media/id/6358cb994fee997bedba5cec/6a1fd6c83bb5840753d31dd5,8294,321602,13091,5751,26,48,38,0,280.96,280.19,0.0,0.0407055926269115,0.6335650446871897,0.0077164215095249,33.87509042681456,2026-06,2,11,6,0.0407055926269115,0.6335650446871897,0.0077164215095249,Другое,0,Краснодар,1,47,6,0,1,0,5.641765216905675,0,567
2026-06-05 11:45:13.275,Статья,Комо интересен Сперцян / Батракова не будет в ПСЖ - Трансферы РПЛ,https://dzen.ru/media/id/6358cb994fee997bedba5cec/6a2281ff78b7675bf6fb5aec,15129,441328,24507,10798,37,55,59,0,527.58,513.69,0.0,0.055530127252293,0.61733382298935,0.0063454293079516,34.8720999405116,2026-06,4,11,6,0.055530127252293,0.61733382298935,0.0063454293079516,Трансферы,0,Нет клуба,1,65,12,1,1,0,6.270194165661738,1,569
2026-06-08 13:10:22.686,Статья,Нино хочет уйти из Зенита / Жедсон может вернутся в Турцию - Трансферы РПЛ,https://dzen.ru/media/id/6358cb994fee997bedba5cec/6a268d56450551402d1b7fa6,1459,12211,2118,548,10,1,12,0,26.79,26.56,0.0,0.1734501678814184,0.6888574126534467,0.0150788211103495,18.361891706648382,2026-06,0,13,6,0.1734501678814184,0.6888574126534467,0.0150788211103495,Трансферы,1,Зенит,1,74,14,1,1,0,3.3246762437544124,0,572
2026-06-09 10:52:41.491,Статья,Спартак хочет подписать нападающего / В Акроне новый тренер - Трансферы РПЛ,https://dzen.ru/media/id/6358cb994fee997bedba5cec/6a26c4c6e8f78761706dd4fc,29082,643320,44770,19060,45,103,120,0,930.55,924.72,0.0,0.0695921158987751,0.6495867768595042,0.0056736125438415,31.997455470737915,2026-06,1,10,6,0.0695921158987751,0.6495867768595042,0.0056736125438415,Трансферы,1,Спартак,1,75,12,1,1,0,6.8368498654663625,1,573
2026-06-10 13:45:13.444,Статья,"Игроки РПЛ, которые примут участие на Чемпионате Мира 2026 года",https://dzen.ru/media/id/6358cb994fee997bedba5cec/6a291ea45c92411f3ee514ea,7186,227498,12782,8890,14,28,21,0,429.0,423.63,0.0,0.0561851093196423,0.5621968393052731,0.0048705816866128,59.699415530197605,2026-06,2,13,6,0.0561851093196423,0.5621968393052731,0.0048705816866128,Другое,0,Нет клуба,1,63,10,0,0,1,6.063785208687608,0,574
2026-06-13 15:52:08.159,Статья,"Акрон подписал нападающего, который был в Манчестер Сити / Балтика укрепляет защиту, нашли замену Саусю и Андраде - Трансферы РПЛ",https://dzen.ru/media/id/6358cb994fee997bedba5cec/6a2d45ba8577c179580d3125,25298,621825,38365,18628,37,85,107,0,910.11,902.94,0.0,0.0616974229083745,0.6594031017854816,0.0056921495770416,35.97557119139853,2026-06,5,15,6,0.0616974229083745,0.6594031017854816,0.0056921495770416,Трансферы,0,Балтика,1,129,20,1,0,0,6.8146636364031865,1,577
2026-06-15 17:36:47.202,Статья,В Ахмате новый нападающий / ЦСКА интересен бразилец из Ботафого - Трансферы РПЛ,https://dzen.ru/media/id/6358cb994fee997bedba5cec/6a2fddd22f5ff92a02bbe0d1,22931,408252,28314,14983,7,49,102,0,732.04,717.98,0.0,0.0693542223920519,0.8098820371547645,0.0047533906066024,31.92359687758929,2026-06,0,17,6,0.0693542223920519,0.8098820371547645,0.0047533906066024,Трансферы,1,ЦСКА,1,79,13,1,1,0,6.597200270656958,1,579
2026-06-16 14:03:32.147,Статья,Позорное отношение к сборной Ирана на ЧМ 2026,https://dzen.ru/media/id/6358cb994fee997bedba5cec/6a312971c18d922da75553fd,5612,42133,8822,1475,42,20,274,0,72.05,71.75,0.0,0.2093845679158854,0.6361369304012695,0.0563079116179615,12.83856022808268,2026-06,1,14,6,0.2093845679158854,0.6361369304012695,0.0563079116179615,Сборная России,0,Нет клуба,1,45,8,0,0,1,4.291144138196708,0,580
2026-06-18 14:20:20.002,Статья,Пруцев продолжит карьеру во Франции / Муфи в Балтике - Новости и трансферы РПЛ,https://dzen.ru/media/id/6358cb994fee997bedba5cec/6a33ca91bdc5fb60b3bdafec,24024,740268,43387,15422,29,94,88,0,753.4799999999999,752.18,0.0,0.0586098548093393,0.5537142462027796,0.0048701298701298,31.36363636363636,2026-06,3,14,6,0.0586098548093393,0.5537142462027796,0.0048701298701298,Трансферы,0,Нет клуба,1,78,14,1,0,0,6.626028770235629,1,582
2026-06-19 13:55:16.842,Статья,Уткин может уехать в Европу / Усиление в Крыльях - Трансферы и новости РПЛ,https://dzen.ru/media/id/6358cb994fee997bedba5cec/6a3515fdb20c66082526271c,13343,306693,17548,8700,15,54,75,0,425.07,422.25,0.0,0.0572168259464676,0.7603715523136539,0.0067451097953983,31.85715356366634,2026-06,4,13,6,0.0572168259464676,0.7603715523136539,0.0067451097953983,Трансферы,0,Нет клуба,1,74,14,1,1,0,6.054603652019268,0,583
2026-06-22 15:08:17.290,Статья,Баринов интересен АЕКу / Угальде может уехать в Испанию / Спартаку интересен Даку - ТРАНСФЕРЫ РПЛ,https://dzen.ru/media/id/6358cb994fee997bedba5cec/6a391f0e960b431dedf86ebe,14880,323095,19660,10051,20,42,70,0,491.08,489.79,0.0,0.060848976307278,0.7568667344862665,0.0060483870967741,33.002688172043015,2026-06,0,15,6,0.060848976307278,0.7568667344862665,0.0060483870967741,Трансферы,1,Спартак,1,97,16,1,1,0,6.198641304900113,1,586
2026-06-24 12:34:48.016,Статья,Три новых трансфера Локомотива - Трансферы РПЛ,https://dzen.ru/media/id/6358cb994fee997bedba5cec/6a3b9649484b34015085079d,39466,845113,49730,23614,53,85,128,0,1153.74,1142.99,0.0,0.0588442018996276,0.7936054695354916,0.0045862261186844,29.23377084072366,2026-06,2,12,6,0.0588442018996276,0.7936054695354916,0.0045862261186844,Трансферы,0,Локомотив,1,46,7,0,0,0,7.051630489390126,1,588
2026-06-26 13:18:00.888,Статья,"Краснодар укрепляет состав, а Ростов теряет ключевых игроков - Трансферы РПЛ",https://dzen.ru/media/id/6358cb994fee997bedba5cec/6a3e39cd31100f4a244c81ee,24741,705149,30419,11936,29,44,101,0,583.14,573.92,0.0,0.0431384005366241,0.8133403464939676,0.0052544359565094,23.569782951376254,2026-06,4,13,6,0.0431384005366241,0.8133403464939676,0.0052544359565094,Трансферы,0,Краснодар,1,76,11,0,0,0,6.370140680125932,1,590
2026-06-29 14:35:41.161,Статья,Игрок сборной Узбекистана интересен клубу РПЛ / В сборной России может появится новый легионер - Трансферы и новости РПЛ,https://dzen.ru/media/id/6358cb994fee997bedba5cec/6a421f86310a142c4526ded6,11623,281933,16150,6209,11,27,43,0,303.35,299.78,0.0,0.0572831133638133,0.7196904024767802,0.0046459605953712,26.099113826034586,2026-06,0,14,6,0.0572831133638133,0.7196904024767802,0.0046459605953712,Трансферы,0,Нет клуба,1,120,19,1,1,0,5.718178354939933,0,593
2026-07-01 12:04:19.291,Статья,Аугусто в Зените / Сперцян все ближе к Аль-Ахли / Возвращение Макарова - Трансферы РПЛ,https://dzen.ru/media/id/6358cb994fee997bedba5cec/6a43ca6a7410f47f50e68b56,2828,93967,3838,1866,9,5,10,0,91.18,91.0,0.0,0.0408441261293858,0.7368421052631579,0.0067185289957567,32.24186704384724,2026-07,2,12,7,0.0408441261293858,0.7368421052631579,0.0067185289957567,Трансферы,1,Зенит,1,86,15,1,0,0,4.523743187292363,0,595
2026-07-03 14:14:20.211,Статья,Спартак покупает испанца в защиту / Магомед Оздоев возвращается - Трансферы РПЛ,https://dzen.ru/media/id/6358cb994fee997bedba5cec/6a478c0798fe8b6afe736678,19718,457927,28264,11358,19,59,81,0,554.9200000000001,551.94,0.0,0.0617216281197658,0.6976365694876875,0.0050715082665584,28.142813672786293,2026-07,4,14,7,0.0617216281197658,0.6976365694876875,0.0050715082665584,Трансферы,1,Спартак,1,79,12,1,0,0,6.320624399006072,1,597
2026-07-09 12:23:30.267,Статья,Самошников в Рубине / Оренбург подписал молодого аргентинца - Трансферы РПЛ,https://dzen.ru/media/id/6358cb994fee997bedba5cec/6a4f4ff263598c4c047526e1,4282,112565,5864,2630,1,9,23,0,128.5,128.15,0.0,0.0520943454892728,0.730218281036835,0.0056048575432041,30.009341429238678,2026-07,3,12,7,0.0520943454892728,0.730218281036835,0.0056048575432041,Трансферы,0,Рубин,1,75,11,1,0,0,4.863680881139593,0,603
2026-07-10 12:11:55.334,Статья,В ЦСКА новый вратарь / Балтика укрепляет защиту - Трансферы РПЛ,https://dzen.ru/media/id/6358cb994fee997bedba5cec/6a50afa91162160a751ef59f,35317,720054,44023,23701,71,109,132,0,1157.92,1138.95,0.0,0.0611384701702927,0.8022397383186062,0.0057479400855112,32.78647676756236,2026-07,4,12,7,0.0611384701702927,0.8022397383186062,0.0057479400855112,Трансферы,1,ЦСКА,1,63,11,1,0,0,7.055243815935845,1,604
2026-07-13 13:56:04.170,Статья,Сутормин переходит в Факел / Опорник в Ахмате / Бразилец в Краснодаре - Трансферы РПЛ,https://dzen.ru/media/id/6358cb994fee997bedba5cec/6a54bb761162160a75203992,12964,207093,16536,8355,21,38,46,0,408.19,405.98,0.0,0.0798481841491503,0.7839864537977745,0.0051681579759333,31.4864239432274,2026-07,0,13,7,0.0798481841491503,0.7839864537977745,0.0051681579759333,Трансферы,0,Краснодар,1,85,15,1,0,0,6.014179595851196,0,607
2026-07-15 14:09:18.151,Статья,Железнов в Акроне / два колумбийца перешли в Оренбург - Трансферы РПЛ,https://dzen.ru/media/id/6358cb994fee997bedba5cec/6a575f4924f2c05c5396826d,2617,85335,3763,1538,0,5,17,0,75.12,75.0,0.0,0.0440967949844729,0.695455753388254,0.0064959877722583,28.70462361482614,2026-07,2,14,7,0.0440967949844729,0.695455753388254,0.0064959877722583,Трансферы,0,Акрон,1,69,12,1,0,0,4.332311042427949,0,609
2026-07-16 11:35:57.749,Статья,"Воробьев выбрал Краснодар, а не Спартак / Греческий защитник в Факеле - Трансферы РПЛ",https://dzen.ru/media/id/6358cb994fee997bedba5cec/6a589197fb181a1669a65dcb,37566,697975,53010,20906,65,115,112,0,1021.39,1019.33,0.0,0.0759482789498191,0.7086587436332767,0.0047117073949848,27.189213650641538,2026-07,3,11,7,0.0759482789498191,0.7086587436332767,0.0047117073949848,Трансферы,1,Спартак,1,85,14,1,0,0,6.929898302667769,1,610
2026-07-20 17:38:32.792,Статья,Еще один испанец в РПЛ / Новый вингер в Акроне / Олусегун покинул Краснодар - Трансферы РПЛ,https://dzen.ru/media/id/6358cb994fee997bedba5cec/6a5e2c29a803da686754280e,4141,85646,5307,2765,2,11,14,0,135.08,135.0,0.0,0.0619643649440721,0.7802901827774638,0.0038638010142477,32.62014006278677,2026-07,0,17,7,0.0619643649440721,0.7802901827774638,0.0038638010142477,Трансферы,0,Краснодар,1,91,17,1,0,0,4.913242948087606,0,614
2026-07-22 12:19:25.666,Статья,Сколько продержится Игдисамов?,https://dzen.ru/media/id/6358cb994fee997bedba5cec/6a60819a00426c1e292176d8,1757,16542,2285,909,29,6,15,0,44.43,44.05,0.0,0.1381332366098416,0.7689277899343545,0.025042686397268,25.28742174160501,2026-07,2,12,7,0.1381332366098416,0.7689277899343545,0.025042686397268,Другое,0,Нет клуба,1,30,3,0,0,0,3.816172679771312,0,616
2026-07-23 12:23:39.618,Статья,Спартак подал протест в КДК с требованием переигровки игры за Суперкубок России,https://dzen.ru/media/id/6358cb994fee997bedba5cec/6a61d21ad3b4497eaee7054e,2637,165694,7723,661,113,53,121,0,32.300000000000004,32.27,0.0,0.0466100160536893,0.3414476239803185,0.0887372013651877,12.24876753886993,2026-07,3,12,7,0.0466100160536893,0.3414476239803185,0.0887372013651877,Другое,1,Спартак,1,79,12,0,0,0,3.5055573969863985,0,617
2026-07-24 15:28:57.863,Статья,Мохеби покинул Ростов / Первый француз в Оренбурге / Молодой защитник Зенита переходит в Факел - Трансферы РПЛ,https://dzen.ru/media/id/6358cb994fee997bedba5cec/6a634c315ea2b41354c3bdcc,11504,156673,15707,5792,22,39,34,0,282.95,281.78,0.0,0.1002533940117314,0.732412300248297,0.0048678720445062,24.595792767732963,2026-07,4,15,7,0.1002533940117314,0.732412300248297,0.0048678720445062,Трансферы,1,Зенит,1,110,18,1,0,0,5.6487981663234414,0,618
2026-07-27 12:08:47.220,Статья,Лучший перфоманс первого тура РПЛ,https://dzen.ru/media/id/6358cb994fee997bedba5cec/6a671b3663038b47469a3218,197,5008,308,99,1,0,2,0,4.819999999999999,4.8,0.0,0.0615015974440894,0.6396103896103896,0.015228426395939,24.46700507614213,2026-07,0,12,7,0.0615015974440894,0.6396103896103896,0.015228426395939,Другое,0,Нет клуба,1,33,5,0,0,0,1.7613002617433464,0,621
2026-07-28 12:42:57.977,Статья,В РПЛ новая схема покупки игроков,https://dzen.ru/media/id/6358cb994fee997bedba5cec/6a6876b4f3310a4744de564d,29262,285621,37287,16151,79,108,102,0,789.0799999999999,787.78,0.0,0.1305471236358671,0.7847775364067906,0.0061854965484245,26.966031030004785,2026-07,1,12,7,0.1305471236358671,0.7847775364067906,0.0061854965484245,Другое,0,Нет клуба,1,33,6,0,0,0,6.672134206156815,1,622
2026-07-30 17:05:51.136,Статья,Спартак ищет нападающего,https://dzen.ru/media/id/6358cb994fee997bedba5cec/6a6b47178881aa29b39ebb5b,14000,198036,17339,11591,38,47,76,0,566.29,563.88,0.0,0.0875547880183401,0.8074283407347598,0.0081428571428571,40.44928571428571,2026-07,3,17,7,0.0875547880183401,0.8074283407347598,0.0081428571428571,Другое,1,Спартак,1,24,3,0,0,0,6.340870636819498,1,624
2026-07-31 12:16:27.824,Статья,"ЦСКА нашел нападающего, а Зенит заменит опорника / Трансферы РПЛ",https://dzen.ru/media/id/6358cb994fee997bedba5cec/6a6c5ff4a52c4438aa79ed49,36252,332823,43645,28254,56,99,148,0,1380.37,1370.65,0.0,0.1311357688621279,0.8306106083171039,0.005627275736511,38.07707160984221,2026-07,4,12,7,0.1311357688621279,0.8306106083171039,0.005627275736511,Трансферы,1,ЦСКА,1,64,10,1,0,0,7.230831039320457,1,625
2026-08-02 15:22:33.380,Статья,Даку переходит в Спартак / из Краснодара ушел вингер - Трансферы РПЛ,https://dzen.ru/media/id/6358cb994fee997bedba5cec/6a6ef30045104510f9e79f8a,17687,341246,23040,9170,28,57,86,0,447.98,446.39,0.0,0.0675172749277647,0.7676649305555555,0.0064454118844348,25.32820715779951,2026-08,6,15,8,0.0675172749277647,0.7676649305555555,0.0064454118844348,Трансферы,1,Спартак,1,68,12,1,0,0,6.106978343320322,0,627
2026-08-03 12:42:25.184,Статья,Ливай Гарсия нашел себе команду / Балтика купила французского защитника - Трансферы РПЛ,https://dzen.ru/media/id/6358cb994fee997bedba5cec/6a705996fad4763cdb231573,16720,157820,22174,10266,16,41,68,0,501.56,499.4,0.0,0.1405018375364339,0.7540362586813385,0.005023923444976,29.997607655502392,2026-08,0,12,8,0.1405018375364339,0.7540362586813385,0.005023923444976,Трансферы,0,Балтика,1,87,13,1,0,0,6.219715035790337,1,628
2026-08-04 14:16:50.408,Статья,Леонид Слуцкий покинул Шанхай / ЦСКА вышел из переговоров по Жуану - Новости РПЛ,https://dzen.ru/media/id/6358cb994fee997bedba5cec/6a71c1937d5d8652f124351c,4656,103411,7295,2256,6,13,14,0,110.19,109.02,0.0,0.0705437525988531,0.638245373543523,0.0042955326460481,23.66623711340206,2026-08,1,14,8,0.0705437525988531,0.638245373543523,0.0042955326460481,Другое,1,ЦСКА,1,80,14,1,0,0,4.711240449715158,0,629
2026-08-05 12:26:32.056,Статья,Батраков может перейти в Галатасарай / Опорник Зенита перешел в Оренбург - Трансферы РПЛ,https://dzen.ru/media/id/6358cb994fee997bedba5cec/6a72f7033d8d350faa823e6e,762,33840,1222,495,8,4,11,0,24.19,24.17,0.0,0.0361111111111111,0.6235679214402619,0.0249343832020997,31.745406824146983,2026-08,2,12,8,0.0361111111111111,0.6235679214402619,0.0249343832020997,Трансферы,1,Зенит,1,88,14,1,1,0,3.226447090364519,0,630
2026-08-10 14:07:33.081,Статья,Луис Энрике может покинуть Зенит / Защитник в Факеле - Трансферы РПЛ,https://dzen.ru/media/id/6358cb994fee997bedba5cec/6a75966a8e808e0adf1d360a,6196,80288,8690,3772,8,18,31,0,184.25,183.91,0.0,0.1082353527301713,0.7130034522439586,0.0062943834732085,29.73692704970949,2026-08,0,14,8,0.1082353527301713,0.7130034522439586,0.0062943834732085,Трансферы,1,Зенит,1,68,12,1,1,0,5.221706264176197,0,635
2026-08-11 17:09:07.202,Статья,Маухуб ушел из Динамо / Еще один россиянин в Европе - Трансферы РПЛ,https://dzen.ru/media/id/6358cb994fee997bedba5cec/6a7add53dc95d4425fe0f016,11228,134146,16187,5936,17,27,41,0,290.01,289.77,0.0,0.1206670344251785,0.6936430468894792,0.005165657285358,25.82917705735661,2026-08,1,17,8,0.1206670344251785,0.6936430468894792,0.005165657285358,Трансферы,0,Динамо,1,67,13,1,0,0,5.673357630842223,0,636
2026-08-12 11:27:21.612,Статья,Главная проблема Спартака будет решена? Дркушич покидает Зенит - Трансферы РПЛ,https://dzen.ru/media/id/6358cb994fee997bedba5cec/6a7c253a029aa7747a8e7004,23773,80261,28492,8014,43,54,137,0,391.54,389.9,0.0,0.3549918391248551,0.8343745612803594,0.0075716148571909,16.46994489546965,2026-08,2,11,8,0.3549918391248551,0.8343745612803594,0.0075716148571909,Трансферы,1,Спартак,1,78,11,0,0,0,5.972638442857933,0,637
2026-08-13 13:45:38.241,Статья,Главные кандидаты на усиление в атаку Спартака,https://dzen.ru/media/id/6358cb994fee997bedba5cec/6a7d9311d73a9764e5365400,30855,382258,45563,25036,63,113,198,0,1223.15,1214.02,0.0,0.1191943661087537,0.677194214603955,0.008458920758386,39.64187327823692,2026-08,3,13,8,0.1191943661087537,0.677194214603955,0.008458920758386,Аналитика,1,Спартак,1,46,7,0,0,0,7.110002004583362,1,638
2026-08-14 15:27:36.394,Статья,Батраков хочет в Турцию / Мостовой может покинуть Зенит - Трансферы и новости РПЛ,https://dzen.ru/media/id/6358cb994fee997bedba5cec/6a7efdbd38aa335ffa48079c,893,8292,1109,249,3,2,8,0,12.16,12.08,0.0,0.13374336710082,0.8052299368800722,0.0123180291153415,13.617021276595745,2026-08,4,15,8,0.13374336710082,0.8052299368800722,0.0123180291153415,Трансферы,1,Зенит,1,81,14,1,1,0,2.5771819258971713,0,639
2026-08-16 03:14:49.590,Статья,Тикнизян сменил команду в Европе / Зенит покинули два защитника - Трансферы РПЛ,https://dzen.ru/media/id/6358cb994fee997bedba5cec/6a80f6fdf4a51b1a321e5e3f,31334,283022,40395,16589,30,77,139,0,810.4699999999999,808.16,0.0,0.1427274204832133,0.7756900606510707,0.0053935022659092,25.86551349971277,2026-08,6,3,8,0.1427274204832133,0.7756900606510707,0.0053935022659092,Трансферы,1,Зенит,1,79,13,1,0,0,6.698847417694581,1,641
2026-08-17 13:27:16.757,Статья,Динамо хочет подписать игрока сборной Чили / Чесноков переходит в Крылья Советов - Трансферы РПЛ,https://dzen.ru/media/id/6358cb994fee997bedba5cec/6a82d9b05eaac11ce96539fb,6412,82802,8382,3892,3,12,39,0,190.17,189.55,0.0,0.1012294389024419,0.7649725602481507,0.0065502183406113,29.658452900810985,2026-08,0,13,8,0.1012294389024419,0.7649725602481507,0.0065502183406113,Трансферы,0,Динамо,1,96,15,1,1,0,5.253163084540927,0,642
2026-08-18 12:19:49.253,Статья,Бабкин вернется в Локомотив / Рубин нашел замену Даку - Трансферы РПЛ,https://dzen.ru/media/id/6358cb994fee997bedba5cec/6a841a05bc2e5d247c02c82a,19765,208979,25053,14022,12,44,69,0,685.0600000000001,682.95,0.0,0.1198828590432531,0.7889274737556381,0.0040981533012901,34.66025803187453,2026-08,1,12,8,0.1198828590432531,0.7889274737556381,0.0040981533012901,Трансферы,0,Локомотив,1,69,12,1,0,0,6.530965087458023,1,643
2026-08-19 13:42:56.819,Статья,Варианты нападающих для Локомотива - Трансферы РПЛ,https://dzen.ru/media/id/6358cb994fee997bedba5cec/6a857c8b1f511f6ea8755bc6,17931,177190,21379,11399,32,48,56,0,556.9200000000001,554.23,0.0,0.1206557932163214,0.8387202394873474,0.0049077017455802,31.05905972896102,2026-08,2,13,8,0.1206557932163214,0.8387202394873474,0.0049077017455802,Трансферы,0,Локомотив,1,50,7,0,0,0,6.324215582927341,1,644
2026-08-20 14:20:34.579,Статья,Краснодар хочет купить бразильца из Фламенго / Балтика продает защитника в Болонью - Трансферы РПЛ,https://dzen.ru/media/id/6358cb994fee997bedba5cec/6a86dc6f05fcb91b2d959118,9460,103271,13451,6343,9,29,51,0,309.90000000000003,309.18,0.0,0.1302495376243088,0.7032934354323098,0.0063424947145877,32.75898520084567,2026-08,3,14,8,0.1302495376243088,0.7032934354323098,0.0063424947145877,Трансферы,0,Краснодар,1,98,15,1,1,0,5.739471317064708,0,645
2026-08-21 13:11:53.948,Статья,Онугха вернулся в Россию / Новый нападающий в Крыльях - Трансферы РПЛ,https://dzen.ru/media/id/6358cb994fee997bedba5cec/6a881a0ba22f2c2b92c764d2,3000,46485,3913,2059,5,5,8,0,100.57,99.83,0.0,0.0841776917285145,0.7666751852798365,0.0043333333333333,33.523333333333326,2026-08,4,13,8,0.0841776917285145,0.7666751852798365,0.0043333333333333,Трансферы,0,Нет клуба,1,69,12,1,0,0,4.6207482159514095,0,646
2026-08-23 13:42:39.858,Статья,Динамо предлагает 7 млн евро за бризльского вингера / Локомотиву интересен игрок Балтики - Трансферы РПЛ,https://dzen.ru/media/id/6358cb994fee997bedba5cec/6a8a8e4e393b894246fb228f,3002,49847,4403,1680,8,17,21,0,82.06,81.86,0.0,0.0883302906895099,0.6818078582784465,0.0096602265156562,27.335109926715525,2026-08,6,13,8,0.0883302906895099,0.6818078582784465,0.0096602265156562,Трансферы,0,Локомотив,1,104,16,1,1,1,4.419563238202607,0,648
2026-08-24 12:17:37.309,Статья,Спартак присматривается к Ромуло / ЦСКА интересен нападающий Аль-Джазиры - Трансферы РПЛ,https://dzen.ru/media/id/6358cb994fee997bedba5cec/6a8bf6de23e63943c293af18,17198,145605,26562,11532,17,33,61,0,563.4300000000001,560.96,0.0,0.1824250540846811,0.6474663052480988,0.0045354110943132,32.76136760088383,2026-08,0,12,8,0.1824250540846811,0.6474663052480988,0.0045354110943132,Трансферы,1,ЦСКА,1,88,12,1,1,0,6.335816372357684,1,649
2026-08-25 11:21:54.868,Статья,"Краснодар берет еще одного бразильского защитника, которому 30 лет / Олейников переходит в Рубин - Трансферы РПЛ",https://dzen.ru/media/id/6358cb994fee997bedba5cec/6a8d45f423e63943c2cd736c,6738,78843,9089,5045,5,19,24,0,246.49,244.18,0.0,0.1152797331405451,0.7413356804929035,0.0043039477589789,36.58207183140398,2026-08,1,11,8,0.1152797331405451,0.7413356804929035,0.0043039477589789,Трансферы,0,Краснодар,1,112,17,1,0,1,5.5113701771520756,0,650
2026-08-26 10:01:47.326,Статья,Главные выводы после 5 туров РПЛ,https://dzen.ru/media/id/6358cb994fee997bedba5cec/6a8d512cffe35a5acc443169,14936,242917,21259,14125,22,55,105,0,690.09,688.47,0.0,0.0875154888295179,0.7025730278940684,0.0085029459025174,46.20313336904124,2026-08,2,10,8,0.0875154888295179,0.7025730278940684,0.0085029459025174,Обзоры матчей,0,Нет клуба,1,32,6,0,0,1,6.538270061306654,1,651
2026-08-27 11:30:25.483,Статья,Динамо покупает двух игроков в атаку / Факел подписал бразильца Клэйтона - Трансферы РПЛ,https://dzen.ru/media/id/6358cb994fee997bedba5cec/6a8fe8c93487551d70257e17,10206,81973,12859,6346,28,25,69,0,310.02000000000004,309.3,0.0,0.1568687250680102,0.793685356559608,0.0095042132079169,30.37624926513816,2026-08,3,11,8,0.1568687250680102,0.793685356559608,0.0095042132079169,Трансферы,0,Динамо,1,88,14,1,0,0,5.739857218793191,0,652
2026-08-28 13:45:49.936,Статья,Кокшаров переходит в Факел / в Родину приехал французский защитник - Трансферы РПЛ,https://dzen.ru/media/id/6358cb994fee997bedba5cec/6a915382b550ae50d76f0fc7,9821,108817,11431,6505,7,18,44,0,317.8,315.23,0.0,0.1050479244970914,0.8591549295774648,0.0051929538743508,32.3592302209551,2026-08,4,13,8,0.1050479244970914,0.8591549295774648,0.0051929538743508,Трансферы,0,Факел,1,82,13,1,0,0,5.76456394691606,0,653
2026-08-29 22:16:34.163,Статья,Защитник покидает Краснодар \ ЦСКА покупает Аззи из Динамо Махачкала - Трансферы РПЛ,https://dzen.ru/media/id/6358cb994fee997bedba5cec/6a93248e74fe4757e9294cf1,40441,359720,58292,24080,22,79,115,0,1176.47,1173.56,0.0,0.1620482597575892,0.6937658683867426,0.003387651146114,29.09102148809377,2026-08,5,22,8,0.1620482597575892,0.6937658683867426,0.003387651146114,Трансферы,1,ЦСКА,1,84,13,0,0,0,7.071123347859004,1,655
2026-08-31 13:13:48.390,Статья,ЦСКА покупает вингера / Луис Энрике покинет Зенит - Трансферы РПЛ,https://dzen.ru/media/id/6358cb994fee997bedba5cec/6a953da274fe4757e916810c,12084,113879,16498,8378,11,27,53,0,409.3,406.28,0.0,0.1448730670272833,0.7324524184749667,0.0052962595167163,33.87123469049983,2026-08,0,13,8,0.1448730670272833,0.7324524184749667,0.0052962595167163,Трансферы,1,ЦСКА,1,65,11,1,0,0,6.016888599448141,0,656
2026-09-01 11:32:33.630,Статья,Мостовой определилися с клубом / Акрон покупает игрока сборной Армении - Трансферы РПЛ,https://dzen.ru/media/id/6358cb994fee997bedba5cec/6a968717506b0a2bee6b0948,33322,266000,47904,18982,62,83,127,0,927.37,919.36,0.0,0.1800902255639097,0.6955995323981295,0.0056719284556749,27.83056239121301,2026-09,1,11,9,0.1800902255639097,0.6955995323981295,0.0056719284556749,Трансферы,0,Акрон,0,86,13,1,0,0,6.833430360220278,1,657
2026-09-02 12:21:34.058,Статья,Динамо снова выходит на трансферный рынок / Игрок Зенита выступит в Лиге Чемпионов - Трансферы РПЛ,https://dzen.ru/media/id/6358cb994fee997bedba5cec/6a97d680a473f256e79dfcd8,5654,54873,7712,3321,9,15,26,0,162.23999999999998,160.82,0.0,0.1405427077068868,0.7331431535269709,0.0061903077467279,28.694729395118497,2026-09,2,12,9,0.1405427077068868,0.7331431535269709,0.0061903077467279,Трансферы,1,Зенит,0,98,16,1,0,0,5.095221510537605,0,658
2026-09-03 13:34:56.783,Статья,Карраскаль может вернутся в Россию / Зенит хочет купить Головина - Трансферы РПЛ,https://dzen.ru/media/id/6358cb994fee997bedba5cec/6a992c511a234943695d5a0c,1352,19441,1722,552,4,4,9,0,26.95,25.32,0.0,0.0885756905508975,0.7851335656213705,0.0096153846153846,19.933431952662723,2026-09,3,13,9,0.0885756905508975,0.7851335656213705,0.0096153846153846,Трансферы,1,Зенит,0,80,13,1,1,0,3.3304171996011083,0,659
2026-09-04 11:30:33.969,Статья,Краснодар нашел замену Диего Косте / Динамо хочет подписать опорника - Трансферы РПЛ,https://dzen.ru/media/id/6358cb994fee997bedba5cec/6a9a75efda78be50490beb2b,5882,51563,7936,4657,3,17,27,0,227.53,226.48,0.0,0.1539088105812307,0.741179435483871,0.0051003060183611,38.68242094525672,2026-09,4,11,9,0.1539088105812307,0.741179435483871,0.0051003060183611,Трансферы,0,Краснодар,0,84,13,1,1,0,5.431667492744793,0,660
2026-09-05 14:10:14.121,Статья,Дебют Батракова в старте / Сафонов против Головина - Наши топ игроки в Европе,https://dzen.ru/media/id/6358cb994fee997bedba5cec/6a9bf156af28500237676b7e,9656,136945,12674,4496,6,25,17,0,219.67,219.67,0.0,0.0925481032531308,0.7618747041186681,0.0023819386909693,22.749585749792875,2026-09,5,14,9,0.0925481032531308,0.7618747041186681,0.0023819386909693,Другое,0,Нет клуба,0,77,14,1,0,0,5.39666837289499,0,661
2026-09-06 15:18:10.182,Статья,Спартак предложил 10 млн евро за игрока сборной Мексики / Олейников определился с клубом - Трансферы РПЛ,https://dzen.ru/media/id/6358cb994fee997bedba5cec/6a9d2089b6339503da2540d3,10312,75503,15117,6196,77,40,77,0,302.69,301.73,0.0,0.2002172099121889,0.682145928424952,0.014934057408844,29.353180760279287,2026-09,6,15,9,0.2002172099121889,0.682145928424952,0.014934057408844,Трансферы,1,Спартак,0,104,17,1,0,1,5.71600744427877,0,662
2026-09-07 11:32:58.054,Статья,Голенков переходит в Балтику / Спартак упустил вратаря Сочи - Трансферы РПЛ,https://dzen.ru/media/id/6358cb994fee997bedba5cec/6a9e6aeb065af70a33deb0a3,22952,136967,27652,14898,17,49,94,0,727.84,725.34,0.0,0.201888046025685,0.8300303775495443,0.0048361798536075,31.71139769954688,2026-09,0,11,9,0.201888046025685,0.8300303775495443,0.0048361798536075,Трансферы,1,Спартак,0,75,12,1,0,0,6.591454229181678,1,663
2026-09-08 12:39:12.735,Статья,Иван Олейников переходит в ЦСКА / Бекао возвращается в РПЛ - Трансферы РПЛ,https://dzen.ru/media/id/6358cb994fee997bedba5cec/6a9fce69f7d12b1a2a17e47b,17030,99158,20366,11716,29,37,88,0,572.39,570.06,0.0,0.2053893785675386,0.8361975842089757,0.0068702290076335,33.61068702290076,2026-09,1,12,9,0.2053893785675386,0.8361975842089757,0.0068702290076335,Трансферы,1,ЦСКА,0,74,13,1,0,0,6.351566113464616,1,664
2026-09-09 12:28:34.021,Статья,Рубин нашел замену Даку / Оренбург покупает французского нападающего - Трансферы РПЛ,https://dzen.ru/media/id/6358cb994fee997bedba5cec/6aa11fe4c363c374e6802ba5,6376,65074,8487,3645,2,13,35,0,178.07999999999998,177.54,0.0,0.1304207517595353,0.7512666431012136,0.0058030112923462,27.929736511919696,2026-09,2,12,9,0.1304207517595353,0.7512666431012136,0.0058030112923462,Трансферы,0,Рубин,0,84,12,1,0,0,5.187832633372765,0,665
2026-09-10 12:38:15.975,Статья,"Спартак и Головин, будет ли трансфер?",https://dzen.ru/media/id/6358cb994fee997bedba5cec/6aa2735ba710e26cc855d729,14108,112097,17698,11056,36,56,77,0,540.15,538.1,0.0,0.1578811208150084,0.7971522205898972,0.0080096399206124,38.28678763821944,2026-09,3,12,9,0.1578811208150084,0.7971522205898972,0.0080096399206124,Трансферы,1,Спартак,0,37,6,0,0,0,6.293696504741155,1,666
2026-09-11 12:04:10.998,Статья,Итог трансферной компании - Спартак не успел подписать Самородова,https://dzen.ru/media/id/6358cb994fee997bedba5cec/6aa3b33d52be1f6636b809c5,1186,6565,1608,436,4,1,19,0,21.31,21.26,0.0,0.2449352627570449,0.7375621890547264,0.0193929173693086,17.967959527824622,2026-09,4,12,9,0.2449352627570449,0.7375621890547264,0.0193929173693086,Трансферы,1,Спартак,0,65,9,0,0,0,3.105035008444441,0,667
2026-09-12 09:10:50.457,Статья,УЕФА впервые с 2022 года зарезервировал квоты для участие в еврокубках,https://dzen.ru/media/id/6358cb994fee997bedba5cec/6aa3c4221d611576aae74bf3,987,33355,1835,548,2,3,14,0,26.77,26.73,0.0,0.0550142407435167,0.5378746594005449,0.0162107396149949,27.1225937183384,2026-09,5,9,9,0.0550142407435167,0.5378746594005449,0.0162107396149949,Другое,0,Нет клуба,0,70,11,0,0,1,3.323956301318708,0,668
2026-09-13 13:20:00.007,Статья,Хлусевич перешел в Ростов / Бабаев поехал в аренду в Рубин - Трансферы РПЛ,https://dzen.ru/media/id/6358cb994fee997bedba5cec/6aa672d89e713b44ffe1671c,3132,55300,4241,1567,0,9,8,0,76.57,76.38,0.0,0.0766907775768535,0.7385050695590663,0.0025542784163473,24.44763729246488,2026-09,6,13,9,0.0766907775768535,0.7385050695590663,0.0025542784163473,Трансферы,0,Ростов,0,74,14,1,0,0,4.3511807545027805,0,669
2026-09-14 11:12:30.350,Статья,Новый вингер в Динамо / Родина подписала игрока сборной Колумбии - Трансферы РПЛ,https://dzen.ru/media/id/6358cb994fee997bedba5cec/6aa7a47cafd5287dd418a2a8,6235,59449,9223,4045,4,17,32,0,197.61,196.81,0.0,0.1551413816885061,0.6760273229968556,0.0057738572574178,31.693664795509225,2026-09,0,11,9,0.1551413816885061,0.6760273229968556,0.0057738572574178,Трансферы,0,Динамо,0,80,13,1,0,0,5.2913431028107,0,670
2026-09-15 10:12:00.401,Статья,Интересный факты восьмого тура РПЛ,https://dzen.ru/media/id/6358cb994fee997bedba5cec/6aa7e030de525e75790bc6d8,2136,48779,3649,897,1,4,8,0,43.81,43.78,0.0,0.074806781606839,0.5853658536585366,0.0042134831460674,20.510299625468168,2026-09,1,10,9,0.074806781606839,0.5853658536585366,0.0042134831460674,Другое,0,Нет клуба,0,34,5,0,0,0,3.802431328798052,0,671
